imdb_id,name
nm0001257,Ava Gardner
nm0493982,Guido Lazzarini
nm0991915,Carlo Mengoli
nm0743099,Milton Rosmer
nm0513353,Oreste Lionello
nm0330926,Gorella Gori
nm0184468,Giorgio Covi
nm0222074,Ernst Deutsch
nm0697602,Charles Prince
nm3938796,John Sleeter
nm0129278,Clara Calamai
nm0019145,Lidia Alfonsi
nm0885965,Edmond Van Daële
nm0684838,Antonio Piovanelli
nm0686217,Nilla Pizzi
nm2553775,Amerigo Tramonti
nm3669221,Lamberti Sorrentino
nm0000661,Donald Sutherland
nm0743102,Gian Paolo Rosmino
nm0000858,John Barrymore
nm1292464,Guido Graziosi
nm0093770,Miranda Bonansea
nm0308518,Luigi Garrone
nm0232371,Ada Dondini
nm0197532,Nino Dal Fabbro
nm0093850,Iginio Bonazzi
nm0708839,Salvatore Ferdinando Ramponi
nm0772300,Hans Adalbert Schlettow
nm2492357,Goffredo Savi
nm0685911,Giuliana Pitti
nm0195712,Rita D'Harcourt
nm0077785,Camille Bert
nm1919296,John Fostini
nm0575616,Harriet Medin
nm0865493,Sergio Tofano
nm1436109,Cirillo Konopleff
nm0597279,Cesare Moltini
nm0143332,Maria Caserini
nm4723040,Nerina Stuart
nm0702893,Letizia Quaranta
nm2461871,Ines Ferrari
nm2454902,Signora Mayda
nm0547629,Gino Maringola
nm0219666,Reginald Denny
nm0848937,Raffaele Tana
nm5403221,Egidio Meda
nm0522256,Giovanni Lovatelli
nm1896575,Mario Ronconi
nm0848445,Franca Tamantini
nm0597779,Jules Mondos
nm0208566,Americo De Giorgio
nm0251456,Richard Eichberg
nm0179877,Rafael Storm
nm0513727,Hans Lipschütz
nm0457117,Egon Erwin Kisch
nm6126975,Gilda Rosa
nm5474338,Giuliana Ventre
nm0151964,Marcelle Chantal
nm0531962,Wallace MacDonald
nm1004245,Alessandro Dionisi-Vici
nm0545644,Gilda Marchiò
nm0148616,Ennio Cerlesi
nm0675160,Lee Parry
nm0273685,Nelly Fernández
nm0603953,Francisco Moreno
nm1291238,Enzo Boccacci
nm0670271,Heinrich Peer
nm0956516,Max Zilzer
nm0320935,Giulio Girola
nm1271630,Alina Di Mario
nm1401455,Renato Alberini
nm1550508,Dante Majeroni
nm0346358,Fausto Guerzoni
nm0330200,Gavin Gordon
nm0195208,Maurizio D'Ancora
nm5563156,Paula Rode
nm0345791,Maurizio Guelfi
nm0511188,Friedel Lind
nm0208375,Peppino De Filippo
nm0622799,Renato Navarrini
nm0136227,Ugo Carboni
nm0209740,Rina De Liguoro
nm0719118,Tina Ceccaci Renaldi
nm1086031,Bruno Marinelli
nm0007792,Marta Abba
nm0176184,Augusto Contardi
nm0607880,Lewis J. Mortimer
nm0109265,Lilla Brignone
nm2457065,Giorgio Genevois
nm1943484,Claudia Di Lullo
nm1298056,Rodolfo Badaloni
nm0056272,M. Baron
nm0330921,Evelina Gori
nm0754637,Gino Sabbatini
nm0860430,Lotus Thompson
nm0417837,Emil Jannings
nm0311413,Otto Gebühr
nm0330653,Vera Gordon
nm1909526,Viktor Blum
nm0541963,Bianca Manenti
nm0092487,Erna Bojar
nm2667747,Nino Tarabini
nm0224058,Matilde Di Marzio
nm0162768,Natale Cirino
nm0739694,Claire Rommer
nm0665728,Marie Paton
nm0313123,Olga Vittoria Gentilli
nm0472122,Otto Kronburger
nm0210469,Marguerite de Morlaye
nm0762718,Elena Sangro
nm0744196,Gianni Rossi
nm0055823,Boris Barnet
nm0117751,Rosolino Bua
nm6208387,Gianni Pancani
nm0892008,Dianora Veiga
nm0400902,Robin Hughes
nm1291445,Antonietta Calderari
nm2549049,Luigi D'Amico
nm2632304,William Lockwood
nm2677807,Pino Mauro
nm0521556,Claire Lotto
nm0000044,Burt Lancaster
nm0020568,Harry Allen
nm0608533,Sonia Moser
nm0693529,Armand Pouget
nm0457839,John Kitzmiller
nm0542077,Vittorio Manfrino
nm1416156,Nuccia Lenzi
nm0242568,Frank Dunn
nm5474298,Bianca Resi
nm0561587,Max Maximilian
nm0292537,Robert Frazer
nm1265542,Elsa D'Auro
nm3938345,Riette Osborne
nm5474316,Mauro Ciani
nm1364282,Cesare Polesello
nm0826601,Mario Steni
nm0797728,Ferry Sikla
nm0237868,Dria Paola
nm0678028,Alfio Petrini
nm0195460,Roy D'Arcy
nm0330752,Laura Gore
nm0867891,Jesús Tordesillas
nm0850961,Riccardo Tassani
nm2526103,Mary Monteverde
nm1249035,Mario Saio
nm0232232,Maria Donati
nm0345423,Anna Maria Guarnieri
nm1049615,Alfredo Campioni
nm0266032,Arturo Falconi
nm2679718,Frisco
nm0180920,Adrienne Corri
nm1268134,Sandro D'Attino
nm0028337,Gabriella Andreini
nm0303412,Dino Galvani
nm1505067,Pierino Rosa
nm1301680,Renato Piacentini
nm1578876,Vitale De Stefano
nm0142761,Antonio Casagrande
nm4724432,Giulio Verdiani
nm0053531,Aldo Barberito
nm1293512,Lydianne
nm0709790,Ermanno Randi
nm1549379,Gina Grappasonni
nm0526921,Ignazio Lupi
nm0418079,Walter Janssen
nm9147268,Annamaria Borgonovo
nm1086347,Giulio Platone
nm4101263,Franco Jesurum
nm0095155,Nella Maria Bonora
nm1298749,Ubaldo Cocchi
nm1760152,Ida Hacker
nm1134719,Rubin
nm0503064,Ileana Leonidoff
nm0078728,Nino Besozzi
nm0335900,Emilia Mechi-Gracci
nm0035156,Judith Arlen
nm0049836,Franco Balducci
nm5403233,Silvio Vecchietti
nm0688787,Pauline Polaire
nm0889658,Alfredo Varelli
nm0570471,Matt McHugh
nm0946238,Varvara Yanova
nm0796222,Stefano Sibaldi
nm0563497,Piero Mazzarella
nm0730135,Maria Roasio
nm0541973,Gianni Manera
nm0317624,Silvio Gigli
nm0133734,Carla Candiani
nm0516619,Pino Locchi
nm1288842,Vera Vergani
nm0130019,Ernesto Calindri
nm0313065,Fedele Gentile
nm0805790,Walter Slezak
nm1847153,Nicuzza
nm6208382,Ferdy Martin
nm1430158,Marga Lindt
nm2488663,Elsa Cantori
nm0011063,Jimmie Adams
nm1300572,Umberto Ledda
nm0271014,Dante Feldman
nm0893445,Vittorio Venturoli
nm0312633,Osvaldo Genazzani
nm0868910,Edoardo Torricella
nm0814773,Alberto Sordi
nm0078116,Francesca Bertini
nm0137706,Ida Carloni Talli
nm0029671,Jean Angelo
nm3925140,Phyllis Brown
nm0705304,Elvira Radaelli
nm0871215,Ludwig Trautmann
nm2791903,Fax Carletti
nm0302837,Ida Galli
nm1159631,Augusto Magoni
nm0031355,Gabriele Antonini
nm0732552,Dewey Robinson
nm4722978,Ada Romano
nm0689444,'Snub' Pollard
nm0867895,Pietro Tordi
nm5474329,Gianna Ulivieri
nm0148132,Maria Letizia Celli
nm0121112,Eugen Burg
nm2563397,Egidio Vecchioni
nm7359629,Mario Bellini
nm1301765,Frederico Pozzone
nm0666813,E. Paul
nm0016617,Giorgio Albertazzi
nm0073318,Anita Berber
nm0346808,Paul Guidé
nm1763326,Conrad Cappes
nm0000964,Charles Boyer
nm0529695,Marcel Lévesque
nm0168059,Umberto Cocchi
nm0479742,Pierre Labry
nm0336582,Dorian Gray
nm0873724,Youcca Troubetzkov
nm0763862,Vasco Santoni
nm0663943,Gianni Partanna
nm0544331,Domenico Marverti
nm1381372,Fulvio Ranieri
nm0073065,Vittorina Benvenuti
nm0503997,Peter C. Leska
nm1300897,Luigi Marghieri
nm0132036,Pio Campa
nm0172937,Ignazio Colnaghi
nm1252987,Bianca Renieri
nm1265856,Franca Gioieta
nm0347032,Matilde Guillaume
nm0027124,Margaret Anderson
nm1004340,Arnaldo Frassi
nm0542143,Riccardo Mangano
nm0462516,Nina Koshetz
nm1168956,Antonio Ferrara
nm0560915,Georges Mauloy
nm0518352,Carlo Lombardi
nm1091085,Franco Rondinella
nm0103113,Jean Bradin
nm0872369,Ernesto Treves
nm1282749,Giovanni Corte
nm0855722,Renato Terra
nm0426754,Lorimer Johnston
nm1301183,Gastone Monaldi
nm0620911,Ernesto Nannicini
nm0768178,Joe Sawyer
nm1282905,J.N. Douvan-Tarzow
nm1569370,Mirka Breeny
nm0805694,Philip Sleeman
nm0780002,Tino Scotti
nm0821861,Emil Stammer
nm0548270,Michael Mark
nm1261754,Else Wasa
nm0867796,Michael Tor
nm0290013,Maria Grazia Francia
nm0335749,Charlotte Granville
nm0146333,Bruno Cattaneo
nm0754638,Giovanni Sabbatini
nm0264716,Hermann Fabri
nm0268803,Cesare Fasulo
nm0697763,Albino Principe
nm0231876,François-Paul Donadio
nm1291814,Laura Darville
nm0868456,David Torrence
nm0290377,Betty Francisco
nm0017614,Carlo Aldini
nm0891998,Conrad Veidt
nm0872195,Guido Trento
nm0557167,Aldo Massasso
nm0582500,Felice Metellio
nm1019959,Michele Spada
nm0585785,Hans Mierendorff
nm0117868,Franco Bucceri
nm0264607,Renzo Fabiani
nm0899528,Renato Visca
nm0727529,Cyril Ring
nm0587801,Lina Millefleurs
nm0078261,Alfredo Bertone
nm0784814,Sergio Serafini
nm0001128,Alain Delon
nm0475470,Margarete Kupfer
nm1055183,Bovi Campeggi
nm0115834,Werner Bruhns
nm1261515,Viktor Senger
nm0520553,Loredana
nm0900299,Salvador Vives
nm0024362,Adriano Ambrogi
nm0010022,Anna Maria Ackermann
nm0884422,Carlo Valenzano
nm0493964,Enrico Lazzareschi
nm1293383,Hector Leopold
nm1992057,Maura Versari
nm0723236,Orlando Ricci
nm0207087,Pina De Angelis
nm1169451,Renato Smiamo
nm0000039,Deborah Kerr
nm1146438,Egle Valery
nm0011732,Giuseppe Addobbati
nm4311114,Paolo Rosmino
nm1257483,Lola Josane
nm0594291,Tom Mix
nm0109547,Elga Brink
nm3938846,Joseph Sebaroli
nm0024847,Sergio Amidei
nm0093786,Augusto Bonardi
nm1163617,Ave Gioia Buoninconti
nm0583972,Lia Miari
nm0605628,Jone Morino
nm0539174,Nicola Maldacea
nm0678033,Paola Petrini
nm1271564,Eduardo D'Accursio
nm2678089,Il Piccolo Arturo
nm0992275,Richard McNamara
nm0491298,Mario Laurentino
nm0666006,Albert Patry
nm0063379,Ugo Bazzini
nm1994905,Umberto Maestri
nm0597704,Sandra Mondaini
nm0116460,Cinzia Bruno
nm0544817,Evar Maran
nm0862904,Aroldo Tieri
nm3667494,Pietro Bartoli
nm2716526,Elisa Grassi-Nicola
nm0682544,Vittorio Pieri
nm0070959,Carlo Benetti
nm1007047,Gianni Galavotti
nm0321500,Giovanni Gizzi
nm0616913,John Myhers
nm0093710,Pépa Bonafé
nm1847068,Elda Maris
nm1250893,Filippo Castamagna
nm1017837,Cesarini da Senigallia
nm0807564,Bruno Smith
nm1992113,Alberto Castelli
nm0659852,Laura Panti
nm0450300,Alice Kessler
nm0302958,Pina Gallini
nm2244871,Ottorino Guerrini
nm1875305,Lina Modigliani
nm0894722,Suzy Vernon
nm0131145,Bianca Virginia Camagni
nm0556389,Lauretta Masiero
nm0218490,Katherine DeMille
nm2500724,Signor Ducci
nm0307337,Olimpo Gargano
nm0035996,Arnaldo Arnaldi
nm0190194,Rosalie Crutchley
nm1146560,Antonietta Zanone
nm4703840,Kriejelstein
nm0850236,Nino Taranto
nm0470328,Werner Krauss
nm0830135,Magnus Stifter
nm0579634,Mario Meniconi
nm1575226,Bruna Rizzoli
nm0544490,Amerigo Manzini
nm4310429,Eleonora Mura
nm0173049,Eugenio Colombo
nm0395032,John Horne
nm0308236,Fabio Garriba
nm3939726,Kenneth Richards
nm2441209,Felice Lioy
nm0655063,Erich Pabst
nm1267258,Carlo Troisi
nm0162244,Luigi Cigoli
nm0896276,Antonio Vidal
nm0243842,Giustino Durano
nm0324501,Carl Goetz
nm0702773,José Quaglio
nm0420695,Joe Jencík
nm4722964,Carla Zini
nm0900203,Anna Vivaldi
nm0812765,Olga Solbelli
nm1273093,Irma Socha
nm0515967,Doris Lloyd
nm0647435,Corrado Olmi
nm0294393,Maruchi Fresno
nm1505022,Saro Peris
nm1402208,Paolo Gioli
nm2680949,Mario Zuccariello
nm0647206,Egisto Olivieri
nm0192076,Mico Cundari
nm0521543,Carola Lotti
nm0872465,Jack Trevor
nm0282186,Yvonne Fleuriel
nm0278006,James Finlayson
nm0815054,Alexandra Sorina
nm0294136,Leslie French
nm0712319,Sandra Ravel
nm0125657,Silvana Buzzo
nm0135493,Dante Cappelli
nm0822275,Mila Stanic
nm0155080,Luigi Chellini
nm0689060,Mimmo Poli
nm1014337,Marika Aba
nm0637709,Bebi Nucci
nm0822061,Joan Standing
nm1560231,Vera Dani
nm0533962,Doris McMahon
nm0635615,Rolla Norman
nm4724421,Andrea Musi
nm1547876,Amelia Amorosi
nm0168093,Piero Cocco
nm0800302,Michel Simon
nm0311165,Lauro Gazzolo
nm1382603,Mario Revera
nm1218250,Achille Vitti
nm0334490,Dina Gralla
nm0726019,Sara Ridolfi
nm1817118,Thea Daris
nm1298883,Carlotta D'Arson
nm0702894,Lidia Quaranta
nm0321346,Lea Giunchi
nm0771160,Giovanni Schettini
nm0435227,Willy Kaiser-Heyl
nm1265164,Giulio Bagnini
nm0591122,Carlo Minello
nm0716577,Serge Reggiani
nm0002231,Gian Maria Volontè
nm1294774,Eduardo Senatra
nm0673393,Natale Peretti
nm0579618,Pina Menichelli
nm0620518,Neda Naldi
nm2447058,Franco Piersanti
nm0659333,Paolo Panelli
nm0046785,Silvio Bagolini
nm2110741,Paul Sato
nm2486914,Attilio D'Anversa
nm0646742,Franco Pesce
nm0667615,Paolo Pavesi
nm0106387,Rossano Brazzi
nm2792439,Alberto Irazu
nm0791176,Barbara Shelley
nm0541445,Beatrice Mancini
nm8348920,Losavitch
nm0553808,Ferdinand Martini
nm0306673,Viola Garden
nm0164314,Dante Posani
nm0145318,Fred Solm
nm1400946,María Casanova
nm0368117,Leonhard Haskel
nm0037704,Mario Artese
nm2559151,Wanda Leon
nm0875630,William Tubbs
nm0892140,Harry J. Vejar
nm0637496,André Nox
nm0109263,Giuseppe Brignone
nm1162329,Amanda
nm0605723,Miki Morita
nm2739367,Kamil Veselý
nm0243295,Ewald André Dupont
nm1253011,Fosco Risturi
nm0711031,Renato Rascel
nm1717632,Lilly Nucci
nm0561896,Claude May
nm1026407,Elsa Peterson
nm0718412,Maria Reisenhofer
nm1301222,Dolly Morgan
nm0021708,Marian Alma
nm0311168,Nando Gazzolo
nm2523491,Giovanni Cussotta
nm1296632,Alda Borelli
nm0605398,Franco Moruzzi
nm1302467,Gino Soldarelli
nm0561285,Jacques Maury
nm0853730,Daniele Tedeschi
nm0590268,Milly
nm0059012,Marisa Bartoli
nm0266947,Edmea Fantoni
nm0930711,Guinn 'Big Boy' Williams
nm0230986,Giovanni Dolfini
nm0682074,Walter Pidgeon
nm1293560,Raoul Maillard
nm0781232,Rolfe Sedan
nm0090371,Charles Bobett
nm0208177,Adele De Cristofaro
nm0300767,Loris Gafforio
nm1291308,Ignazio Bracci
nm0746296,Ermanno Roveri
nm0726295,Virgilio Riento
nm0147182,Angela Cavo
nm0503227,Vittoria Lepanto
nm1168209,Ugo Urbino
nm0747990,Howard Nelson Rubien
nm1279130,Sergio Dionisi
nm4750007,Renato Ferrari
nm0199253,Giusi Raspani Dandolo
nm2682393,Ida Bruni
nm0061453,Antonio Battistella
nm0874575,Georges Tréville
nm0070233,Maria Virginia Benati
nm0001256,Greta Garbo
nm0897002,Domenico Viglione Borghese
nm0510319,Lillian Lyl
nm0876947,Enzo Turco
nm0760676,Olga San Juan
nm0285548,Celeste Ford
nm0685609,Mario Pisu
nm1246348,Massimo De Vita
nm0001316,Oliver Hardy
nm2671845,Wanda Hejmann
nm0558089,Clelia Matania
nm0598266,David Monko
nm1873205,Alessandro Serbaroli
nm0301146,Vladimir Gajdarov
nm0481349,Salvatore Lago
nm2681724,Ennio Majani
nm2677715,Carlo Castellani
nm0606102,Ugo Maria Morosi
nm0104948,Julius Brandt
nm5403737,Carlo Cuppini
nm0025134,Francesco Amodio
nm0758047,Vira Silenti
nm2923373,Mity Mignone
nm0075170,Joaquín Bergía
nm1085415,Bianca Galvan
nm0541113,Fulvia Mammi
nm2670997,Jeanne Bay
nm0160520,Sandra Christolini
nm0676131,Emilio Petacci
nm1523273,Ruffo Geri
nm0817881,Bud Spencer
nm0901357,André Volbert
nm0082248,Enzo Biliotti
nm0526927,Renato Lupi
nm2711310,Riccardo D'Istri
nm0711566,Mikhail Rasumny
nm0315780,Emilio Ghione
nm6685434,Mario Lanfritto
nm0195830,Luigi Erminio D'Olivo
nm0651334,Attilio Ortolani
nm0499000,Robert Leffler
nm0095979,Paola Borboni
nm0841797,Gloria Swanson
nm1714649,Francesco Balsamo
nm1505024,Teodoro Pescara Pateras
nm0312909,Franco Gennaro
nm0903235,Eduard von Winterstein
nm1763526,Kurt Holm
nm0767410,Deddi Savagnone
nm0491342,Dora Lauri
nm0830763,Henry Stockbridge
nm0595356,Maria Modzelewska
nm2456886,Maria Antonellini
nm0264531,Henri Fabert
nm0613824,Salvator Mureddu
nm0207961,Ferruccio De Ceresa
nm0537818,Totò Majorana
nm1032516,Virgilio Savona
nm0278500,Nada Fiorelli
nm0075237,Siegfried Berisch
nm0187633,William Creswick
nm0478880,Antonio La Raina
nm0139213,Mario Carotenuto
nm0315586,Mario Gheduzzi
nm1015231,Teresa Mariani
nm0022324,Giuseppe Alotta
nm0648859,Umberto Onorato
nm0510639,Carlo Lima
nm0592716,Anna Miserocchi
nm0093785,Henriette Bonard
nm0759395,Renato Salvatori
nm0672640,Hans Peppler
nm0254031,Nino Eller
nm1086108,Luciano Mesfun
nm1322564,Clarette D'Elia
nm3924613,Rosemary Burt
nm0079338,Graziela Betti
nm0001791,Robert Taylor
nm0527696,Jeannie Luxeuil
nm0147526,Maria Cebotari
nm0318670,Gwenllian Gill
nm0295545,Olivia Fried
nm0621752,June Nash
nm1065041,Romeo De Baggis
nm0340553,Dolly Grey
nm0684659,Giuseppe Pinto
nm2507623,Lidia Benelli
nm0032106,Camillo Apolloni
nm1269902,Elettra Raggio
nm0584021,Adriano Micantoni
nm2133681,Maria Arcione
nm0248787,Marilena Economu
nm4310978,Fiorangela Filli
nm0485494,Nora Lane
nm6685498,Tamara Moltanoff
nm0208264,Pia De Doses
nm5474283,Doly Barns
nm0850950,Mária Tasnádi Fekete
nm0585600,Allen Midgette
nm0864226,Signora Tirelli
nm0307451,Enzo Garinei
nm3927079,Gabriella Fabrizio
nm1281320,Gemma Stagno Bellincioni
nm0172094,Federico Collino
nm0223884,Augusto Di Giovanni
nm0738113,Andrée Rolane
nm2708364,Alfredo Marchetti
nm1855812,Mara Cardin
nm0028944,Oscar Andriani
nm0000052,Marcello Mastroianni
nm0880619,Friedrich Ulmer
nm1293836,Paola Monti
nm0302945,Mario Gallina
nm0818990,Matteo Spinola
nm0298917,Armando Furlai
nm1047035,Henri Trévoux
nm0410352,Boyd Irwin
nm0274077,Giovanni Ferrari
nm0514027,Nathalie Lissenko
nm0636969,Medea de Novara
nm0518166,Giancarlo Lolli
nm0698330,Anna Proclemer
nm0212442,Maria De Witt
nm0585936,Armando Migliari
nm5329966,Marilisa Bettoni
nm1175201,Francesco Ciancamerla
nm0561252,Renata Mauro
nm0957866,Lia Zoppelli
nm2178858,Elvira Zoppetti
nm1742316,N.N. Novitzky
nm0529227,Lya Lys
nm1531100,Ludovico Bendiner
nm0431069,Romuald Joubé
nm1659135,S. Polonsky
nm6208385,Osvaldo Amorosino
nm0517149,Mario Lodolini
nm2498544,Carlo Ghisini
nm2491833,Gianna Ardimano
nm2711497,Dorothy Ferrari
nm0538729,Helena Makowska
nm0917537,Józef Wegrzyn
nm0857271,Teresa Termini
nm1576164,Thea Steinbrecher
nm0304860,Adele Garavaglia
nm1297946,Giulio Andreotti
nm0603279,Nietta Mordeglia
nm0610329,Jules Moy
nm0439330,Halina Zalewska
nm0744108,Andreina Rossi
nm0759474,Sandro Salvini
nm0712416,Louis Ravet
nm3028420,Nico Bellini
nm0254012,Uschi Elleot
nm0105976,Frigga Braut
nm0362501,Harry Hardt
nm0076005,Clelia Bernacchi
nm0896331,Henri Vidal
nm0258768,Mercedes Erdmann
nm0842670,Karl Junge-Swinburne
nm0182292,Romolo Costa
nm0674415,Claudio Perone
nm1015775,Leila Umbriana
nm0957867,Cesare Zoppetti
nm0167509,Pierre Clémenti
nm1148942,Oreste Grandi
nm0520861,Bianca Lorenzoni
nm1168511,Victor Wythe
nm0818298,Alessandro Sperli
nm0537629,Maurice Maillot
nm0544887,Mario Maranzana
nm1717648,Piera Paci
nm0671559,Julio Peña
nm0516254,Giuseppe Lo Presti
nm0847851,Odette Talazac
nm0486946,Georges Lannes
nm0076464,Nerio Bernardi
nm0315998,Gabriella Giacobbe
nm0274079,Giuseppe Ferrari
nm5474273,Lill Cecioni
nm0431006,Elio Jotta
nm2350393,Diego Ghiglia
nm0738112,André Rolane
nm0675874,Lilla Pescatori
nm1048349,Giuliana Verde
nm0959580,Rosa Elvira Álvarez
nm0192958,Finlay Currie
nm1301779,Diomede Procaccini
nm0953088,Maria Zanoli
nm0203836,Marion Davies
nm0356233,Lillian Hall-Davis
nm1856511,Daisy Sylvan
nm0206315,Lina Dax
nm0021933,Mario Almirante
nm0540469,Martin Malone
nm1108927,Renato Del Grillo
nm0280787,Armando Flaccomio
nm3875526,Gloria Christian
nm0315782,Ileana Ghione
nm0179734,Bruno Corelli
nm0211158,Camillo De Riso
nm0174051,Juliette Compton
nm0667419,Hedwig Pauly-Winterstein
nm0036324,Sig Arno
nm0215823,Grazia del Rio
nm0617050,John Mylong
nm0777951,Ellen Schwiers
nm1914380,Eduardo Pagh
nm0622095,Nazzareno Natale
nm0576233,Illa Meery
nm0341697,Joan Griffiths
nm0094801,Mario Bonnard
nm0597056,Massimo Mollica
nm5394231,Giliana D'Olivo
nm0450326,Ellen Kessler
nm0872689,Leopoldo Trieste
nm0095950,Caterina Boratto
nm0071031,Wilson Benge
nm0278562,Noris Fiorina
nm1495593,Maria Giani
nm0599384,Eduardo Monteneve
nm1945108,Tullio Monacelli
nm1333550,Adriana Costamagna
nm1748544,Gipsy Kiss
nm0312575,Giuliano Gemma
nm0021934,Giuseppe Almirante-Manzini
nm4723014,Marcella Latina
nm0039489,Paul Askonas
nm0080697,Ferruccio Biancini
nm0000007,Humphrey Bogart
nm1505360,Anna Maria Dionisi
nm1294548,Raimondo Roberti
nm0855870,Gianna Terribili-Gonzales
nm0172903,Ronald Colman
nm0854661,Giotto Tempestini
nm0138601,Piero Carnabuci
nm0699877,Vsevolod Pudovkin
nm7240596,Sabrina Di Sepio
nm1286919,Eugenia Cigoli
nm1277772,Rina Valotti
nm0608314,Giacomo Moschini
nm0207055,Anna De Angelis
nm0667613,Nino Pavese
nm0317209,Vivian Gibson
nm0181305,Valentina Cortese
nm1292202,Mary Fleuron
nm0786319,Leonardo Severini
nm0108386,Willy Brezza
nm0867944,Juan Torena
nm0427139,Rita Jolivet
nm0001352,Terence Hill
nm0144302,Alfonso Cassini
nm0591873,Gentile Miotti
nm0591121,Livia Minelli
nm0662685,Luisa Rivelli
nm1169221,Matteo Marino
nm0137708,Alberto Carloni
nm1890520,Ivanhoe Vela
nm5403213,Torivio Travaglini
nm0063129,Mary Bayma-Riva
nm0916622,Jean Weber
nm0551256,Vera Marshe
nm0030433,Armando Annuale
nm0013193,Silvano Agosti
nm1507655,Alberto Campi
nm1302908,Carlo Valenzi
nm0927468,Robert Wiene
nm0959921,Henri Étiévant
nm0019124,Giulio Alfieri
nm0215956,Giulio Del Torre
nm0805701,Martha Sleeper
nm0091842,Erra Bognar
nm1300815,Guido Maggio
nm0094687,Marcello Bonini Olas
nm0275213,Gabriele Ferzetti
nm2180681,Dino Cardinali
nm0682530,Ettore Piergiovanni
nm0830627,Giulio Stival
nm0333309,Ugo Gracci
nm1488840,Toni Wittels
nm1370739,Francesco Gargano
nm3694817,Evaldo Rogato
nm1989427,Enrico Marignetti
nm1294238,Fulvia Perini
nm1028639,Felice Chiusano
nm1066385,Pietro Recanatesi
nm1031101,Lucia Mannucci
nm2561799,Jeanne Nancy
nm0266886,Franco Fantasia
nm2488541,Myriel
nm0239207,Agnese Dubbini
nm0209738,Giuseppe de Liguoro
nm0138409,Maria Carmi
nm0535487,Anna Maestri
nm0041172,Lionel Atwill
nm0240024,Ludmilla Dudarova
nm0851603,Eugenia Tavani
nm0385872,Hans Hinrich
nm0941731,Vera Worth
nm1291841,Maud De Mosley
nm0480784,Patricia Laffan
nm0143303,Luigi Casellato
nm0902408,Wilhelm von Haxthausen
nm0682204,Giuseppe Piemontesi
nm0836765,Hans Stüwe
nm1216023,Francesco Cacace
nm0366586,William S. Hart
nm0484883,Marina Lando
nm0911914,Warwick Ward
nm0956984,Uccia Zini
nm0881555,Vladimir Uralskiy
nm0449328,Albert Kergy
nm0611804,Jack Mulhall
nm0195003,Rubi D'Alma
nm3671031,Tony De Bonis
nm0232833,René Donnio
nm0432721,Hans Junkermann
nm0274673,Daisy Ferrero
nm1260476,Mimi Dovia
nm0286924,Willi Forst
nm0144313,Giulia Cassini-Rizzotto
nm0626131,Alberto Nepoti
nm5474266,Valerio Nuti
nm0545643,Fanny Marchiò
nm1156070,Umberto Paradisi
nm1824989,Adele Mosso
nm0843313,Igo Sym
nm0179762,Antonio Corevi
nm0286480,Cia Fornaroli
nm0034068,George Ardisson
nm0246842,Hugo Döblin
nm0781334,Elena Sedlak
nm0094529,Carmen Boni
nm0231256,Jane Dolys
nm0148451,Bianca Maria Cerasoli
nm0211159,Giulietta De Riso
nm0738856,Carlo Romano
nm0244599,Eugenio Duse
nm0143686,Maria Pia Casilio
nm0799167,Umberto Silvestri
nm1293658,Tamoshiro Matsumoto
nm1428252,Bianca Camarda
nm0030601,Rosina Anselmi
nm0563991,Mary McAllister
nm0767552,Loredana Savelli
nm0430345,Paul Jorge
nm0244600,Luigi Duse
nm0543270,Philipp Manning
nm0689162,Otello Polini
nm0135055,Vittorio Capellaro
nm0413063,Carlo Jachino
nm1302504,Spiridonoff
nm0120670,Uli Buotry
nm0664518,Roberto Pasetti
nm0053582,Ciccio Barbi
nm1916356,Felice Chialastri
nm0026049,Rudolph Anders
nm0883994,María de Valencia
nm0124744,Filippo Butera
nm1717155,Luciano Rebeggiani
nm1007027,Letizia Frezza
nm0194934,Delia D'Alberti
nm0530088,Encarnación López
nm0867160,Gianni Tonolli
nm1410217,Rosetta Calavetta
nm0527379,Lelio Luttazzi
nm0749431,Ruggero Ruggeri
nm2667814,Iolanda Migliori
nm1299470,Cesare Gambardelli
nm2458941,Carmen Varriale
nm0730611,Alfredo Robert
nm0174150,Dante Cona
nm2449581,Margherita Donadoni
nm0894333,Michèle Verly
nm1295384,Raffaello Vinci
nm4723038,Luciana Sabba
nm0080672,Vittorio Bianchi
nm0654525,Lech Owron
nm0153713,Charley Chase
nm1984205,Sara Zardo
nm0426710,Julanne Johnston
nm0699522,Albert Préjean
nm0250790,Aud Egede-Nissen
nm0053245,Guido Barbarisi
nm0744779,Ann Roth
nm1085151,Dino Conturso
nm0001537,Ray Milland
nm0219166,María Denis
nm8348921,Aslanoff
nm0350524,Leda Gys
nm0600102,Luigi Montini
nm0316269,Olga Giannini Novelli
nm8348925,Svetopolt
nm0656474,Ugo Pagliai
nm1526205,Andrea Rinaldi
nm2151933,Trudy Glassford
nm1291239,Alfredo Boccolini
nm0080798,Bruno Biasibetti
nm5403599,Jonny Tamassia
nm5474324,Mero Barbany
nm0162638,Amelia Cipriani
nm0243894,Checco Durante
nm0689798,Alexander Polonsky
nm0080763,Renzo Bianconi
nm0407162,Daniela Igliozzi
nm0632425,Ave Ninchi
nm0312484,Alfredo Gelmi
nm0334516,Irma Gramatica
nm1092230,Mario Mina
nm0401555,Joop van Hulzen
nm2246081,Giuseppina Setti
nm0644124,Franco Odoardi
nm0094766,Ferdinand Bonn
nm5402961,Gianfranco Gardoni
nm2680012,Flora Severati
nm0580140,María Mercader
nm2448388,Gustavo Salvini
nm1299620,Tatiana Gorka
nm0907423,Arthur Walge
nm2498268,Petronilla Garis
nm0493980,Giulia Lazzarini
nm0880894,Egidio Ummarino
nm0663108,Renée Parme
nm0654530,Monroe Owsley
nm0366603,Ludwig Hartau
nm0775597,Heinrich Schroth
nm0024155,Giuseppe Amato
nm1298811,Fiorella Cortis
nm0585071,Serena Michelotti
nm0312890,Leo Genn
nm0581028,Marisa Merlini
nm0821543,Enzo Staiola
nm0754636,Ernesto Sabbatini
nm0757129,Michele Sakara
nm0070234,Virginia Benati
nm0535472,Walter Maestosi
nm2494058,Elisa Apodias
nm5403026,John Coe
nm2683588,Clarence Bell
nm1517157,Laura Zanon Paladini
nm0599973,Antonio Monti
nm0215824,Jack Del Rio
nm0818824,Maria Grazia Spina
nm0017056,Ruth Albu
nm0902450,Camilla von Hollay
nm1252368,Arrigo Marchio
nm0313308,Georg John
nm0656034,Bartolomeo Pagano
nm0528139,Abe Lyman
nm0140054,Joaquín Carrasco
nm1096368,Claudio Duccini
nm0899262,Gino Viotti
nm0219013,Georges Deneubourg
nm0210154,Marcello Di Martire
nm0488249,Richard Larke
nm0890415,Ernesto Vaser
nm0681167,Ernst Pia
nm1044819,Marcello Bertini
nm0524602,Elvira Lucianti
nm1261280,Hermann Pfanz
nm1415053,Pia Blondi
nm0182414,Rolando Costantino
nm0771941,Tino Schirinzi
nm0234581,Attilio Dottesio
nm0891614,Amedeo Vecci
nm5474318,Rosanna Incerti
nm0853517,Phil Tead
nm6685433,Dante Sivieri
nm0665134,Franco Pastorino
nm0813082,Marisa Solinas
nm0206534,Olga Day
nm0872647,Uli Tridenskaja
nm0596837,Luciano Molinari
nm0758162,Heinz Salfner
nm0590557,Sandra Milovanoff
nm8348918,Sapiani
nm0383819,Doris Hild
nm0156989,Renato Chiantoni
nm0387561,Halliwell Hobbes
nm0334800,Flavia Grande
nm0233604,Sandro Dori
nm0707185,Antonio Rais
nm4334503,Lina Paoli
nm0079341,Laura Betti
nm0226189,William Dieterle
nm0783865,Larry Semon
nm0220534,Enrique de Rosas
nm0231575,Franca Dominici
nm0301403,Corrado Gaipa
nm5403749,Armando Mezzogori
nm0045335,Olaf Bach
nm0783288,Elizabeth Sellars
nm0262482,Vittorio Evangelisti
nm0803132,Peters Sisters
nm0884094,Renato Valente
nm0070858,Giovanni Di Benedetto
nm3938465,Lujo Sostarich
nm1283828,Edouard Micheroux de Dillon
nm0197531,Giovanni Dal Cortivo
nm1270090,Alba Savelli
nm0720076,Pyotr Repnin
nm0304211,Antonio Gandusio
nm0147940,Guido Celano
nm1302130,Enrico Sabbatini
nm0544075,Franca Mantelli
nm5125215,Leonarda Bettarini
nm1291771,Rosetta D'Aprile
nm1167541,Anna Segnini
nm0157067,Walter Chiari
nm0270767,Harry Feist
nm0042106,Tina Aumont
nm0850499,Mary Cleo Tarlarini
nm0603065,Gigetta Morano
nm0673034,Didi Perego
nm0209609,Isabel De Lizaso
nm0028324,Manuela Andrei
nm0820938,Ivano Staccioli
nm1302724,Teodori
nm2615496,Luigi Rinaldi
nm0842522,Josef Swickard
nm0951385,Aleksander Zabczynski
nm0006807,Michèle Morgan
nm0151606,Lon Chaney
nm0138479,Tullio Carminati
nm1262112,Maurice Sibert
nm0812163,Vinicio Sofia
nm0926985,Florence Wix
nm0274120,Paolo Ferrari
nm0087704,Alessandro Blasetti
nm0626520,Loni Nest
nm0841270,Carla Sveva
nm1902416,Andrea Conigliaro
nm4722960,Rosetta Dena
nm0598712,Nella Montagna
nm4724483,Eros Mazzeranghi
nm0697512,Suzy Prim
nm0267585,Lilian Farkas
nm0561962,Gustav May
nm2609515,R. Giovannini
nm0003248,Fritz Rasp
nm0441193,Kurt Katch
nm0043875,Felix Aylmer
nm0615407,Alexander Murski
nm0952796,Elio Zamuto
nm0719969,Pina Renzi
nm3939648,Michael Proben
nm2499326,Lisetta Paltrinieri
nm1317848,Filippo Ricci
nm0322388,Mariù Gleck
nm0208662,Dario De Grassi
nm1168175,Gino Turchi
nm1354245,Allakariallak
nm1909921,Fulvio Chialastri
nm0661715,Franca Parisi
nm0547334,Flora Mariel
nm0314028,Alfred Gerasch
nm0135304,Wanda Capodaglio
nm1302310,Elisa Severi
nm0759031,Gino Saltamerenda
nm1300327,Tony Kirkland
nm0289450,Arnoldo Foà
nm1866186,Giuseppe Nessi
nm0586184,Alexandre Mihalesco
nm2690176,Rita Pergament
nm1253992,Alberto Casanova
nm1579703,Rosanna Braura
nm0162242,Emilio Cigoli
nm0329746,Claudio Gora
nm0898964,Nino Vingelli
nm0531423,Roberto Maccanti
nm0670968,Margot Pellegrinetti
nm1287900,Duilio Marrazzi
nm1131937,Adele Bianchi Azzarili
nm3928832,Michael De Krasny
nm0195903,Mina D'Orvella
nm0604105,María Moreno
nm0320988,Massimo Girotti
nm1214705,Laura Faina
nm1532578,Giusto Olivieri
nm0274110,Mimì Ferrari
nm4702344,Carlo Cecchi
nm0796662,Sylvia Sidney
nm1530196,Mario Mariani
nm0900209,Maria-Pia Vivaldi
nm0047625,Alfred Baillou
nm0409049,Ciccio Ingrassia
nm1714657,Giacomo Barnas
nm0800548,Giovanni Simonelli
nm0783834,Gustav Adolf Semler
nm1015509,Bruno Rizzi
nm1550637,Ketty Maya
nm0641776,Pat O'Malley
nm0303122,Soava Gallone
nm0022833,Nino Altieri
nm0185825,David Craig
nm1273032,Paolo Sersale
nm1081811,Anna Mancini
nm0668391,Louis Payne
nm1132786,Teresa Martini
nm1164577,Remo Foglino
nm0853724,Carlo Tedeschi
nm0536234,Eva Magni
nm0734958,Eleuterio Rodolfi
nm0173909,Rossella Como
nm0658851,Dolores Palumbo
nm0394806,Camilla Horn
nm1291873,Azucena Della Porta
nm1122936,Alfredo Morati
nm0705039,Corrado Racca
nm1301196,Carlos Montes
nm0471326,Elma Krimer
nm1168952,Attilio Fernandez
nm0560844,Gaston Mauger
nm0893952,Ernö Verebes
nm0130969,María Calvo
nm1269352,Walter Marcheselli
nm0209741,Wladimiro De Liguoro
nm0070962,Olga Benetti
nm0784988,Gustavo Serena
nm0036459,Gertrud Arnold
nm0867930,Renata Torelli
nm0044543,Celeste Aída
nm0063600,Charlie Beal
nm0021932,Luigi Almirante
nm0533006,James T. Mack
nm0076131,Alex Bernard
nm2680941,Elena Mazzantini
nm0346742,Antonio Guidi
nm0376264,Paul Henckels
nm1291734,Alfredo Cruichi
nm0377052,Anna Henkel-Grönemeyer
nm0913188,Aruth Wartan
nm0508836,Enzo Liberti
nm0973468,Aleksander Maniecki
nm0873384,Lino Troisi
nm0009828,Riccardo Achilli
nm0234437,Chappell Dossett
nm1426313,Adriana Vergani
nm0264431,Maria Fabbri
nm0425512,Kay Johnson
nm0756792,Guglielmo Sinaz
nm0744103,Eleonora Rossi Drago
nm4859591,Gustav Ingo-Schröter
nm0439188,Diana Karenne
nm0195525,Rocco D'Assunta
nm1160610,Giacomo Vecchi
nm0046670,Aristide Baghetti
nm0881099,Massimo Ungaretti
nm0856480,Fulvio Testi
nm0595772,Linda Moglia
nm0073472,Oscar Beregi Sr.
nm0728949,Isabella Riva
nm0173920,Mathilde Comont
nm0478862,Elizza La Porta
nm0893032,Paola Veneroni
nm1280368,Ida Maurus
nm0885030,Hermann Vallentin
nm1302465,Rosetta Solari
nm0681583,Ottavia Piccolo
nm0292077,Bill Fraser
nm1302030,Gina Romani
nm1542950,Cappello Stani
nm0672809,Dina Perbellini
nm0006475,Howling Wolf
nm0405904,Carola Höhn
nm0547049,Aldo Marianecci
nm0146845,Olimpia Cavalli
nm0323010,Enrico Glori
nm0663111,Quinto Parmeggiani
nm0290546,Fulvia Franco
nm1273312,Olga Vannelli
nm1291837,Maurice De Grunewald
nm0769888,Franz Schafheitlin
nm0259599,Claudio Ermelli
nm0688762,Isa Pola
nm0169152,Cohen
nm0922925,Cecil Weston
nm0678099,Alfredo Petroni
nm0111751,Tyler Brooke
nm0147870,Pina Cei
nm2710093,Seghezza Maida
nm1899346,Virgilio Fineschi
nm0590732,Milva
nm2496237,Myosa De Coudray
nm1300488,Ferruccio Lado
nm0061682,Henri Baudin
nm2522498,Ugo De Gregorio
nm0599981,Enrico Monti
nm0816737,Erminio Spalla
nm1547890,Alberto Angelini
nm0204483,Dolly Davis
nm0713270,Gene Raymond
nm6208384,Violetto Polignoni
nm0545352,Georges Marchal
nm0523791,Antonella Lualdi
nm0913291,Hanns Waschatko
nm9147269,Claudio Dumiani
nm0547998,Oscar Marion
nm0299833,Jaro Fürth
nm0286307,Magda Forlenza
nm0200655,Marc Dantzer
nm1169375,Giacomo Ricci
nm1274101,Ellen Reith
nm0689869,N. Poltavtseva
nm0768922,Franco Scandurra
nm0861680,Jim Thorpe
nm0957714,Pier Luigi Zollo
nm0289907,Paul Franceschi
nm0577010,Ellen Meis
nm0147854,Elisa Cegani
nm0226118,Diana Dierks
nm0231878,Giulio Donadio
nm0336414,Gabriel de Gravone
nm0438946,Mario Karas
nm0621487,Raymond Narlay
nm2709355,Clelia Zucchini
nm1111851,Vittorio Soncini
nm0264675,Fernand Fabre
nm0772578,Alfred Schmasow
nm1027834,Liliana Ardea
nm0173189,Clara Colosimo
nm2489104,Norma Bruni
nm0054670,Carlotta Barilli
nm0483896,Georges Lampin
nm0938358,Martin Wolfgang
nm0340872,Mizi Griebl
nm0033475,Manuel Arbó
nm0910016,Erich Walter
nm0630171,Claudio Nicola
nm9147270,Vito Scialla
nm0865357,Paolo Todisco
nm0540744,Evi Maltagliati
nm1167471,Linda Scalera
nm0206622,W. Percy Day
nm0205788,Amos Davoli
nm0720751,Else Reval
nm0083747,Emil Biron
nm0758986,Louis Salou
nm0679189,José Peña
nm0211613,Agostino De Simone
nm0016287,Elsa Albani
nm4722959,Lina Sozzi
nm0548707,Julius Markow
nm0347389,Pierre de Guingand
nm1513704,Piero Concialdi
nm0162554,Gabriella Cioli
nm0699019,Denise Provence
nm2676117,Indo Garrone
nm5403307,Bruno Zanella
nm0286665,Mabel Forrest
nm0053569,Cesare Barbetti
nm0226158,Gustav Diessl
nm1709102,Grethel Stein
nm0080503,Dante Biagioni
nm0097953,Andrea Bosic
nm0501902,Paul Leni
nm0209637,Lia Di Leo
nm0347904,Franco Gulà
nm0842877,Margaret Swope
nm0681365,Tina Pica
nm2483676,Marion Odette
nm0736422,Manoel Roero
nm2053395,Hilde Horst
nm1293562,Silvia Maitre
nm0754669,Valeria Sabel
nm0880210,Anneliese Uhlig
nm0660012,Paoli
nm0540774,Fay Wall
nm3939608,Gianni Gazzoti
nm4723043,Ninì Ferro
nm0649959,Lia Orlandini
nm0146334,Carlo Cattaneo
nm0208522,Filippo De Gara
nm0616027,Jone Salinas
nm0045227,Ettore Baccani
nm0691995,Henny Porten
nm0271229,Mario Feliciani
nm0738106,María Luisa Rolando
nm0244598,Eleonora Duse
nm2487812,Percy Wynn
nm0137457,Mimì Carli
nm0207956,Corrado De Cenzo
nm0074243,Josef Berger
nm0055364,Guglielmo Barnabò
nm2755090,Ella Hrabánková
nm3228215,Armando Spadaro
nm0728343,Gualtiero Rispoli
nm0274986,Lida Ferro
nm0289799,Claude France
nm0560348,Simone Mattioli
nm0193763,Mario Cusmich
nm0681620,Hermann Picha
nm0000765,Pier Angeli
nm0224313,Vittoria Di Silverio
nm1504797,Alessio Gobbi
nm2562364,Lidia De Marchi
nm0187927,Erno Crisa
nm0839568,Anna Maria Surdo
nm6127192,Nino Bianchi
nm1816742,Giorgio Villa
nm0521545,Mariella Lotti
nm0197652,Carlo Dale
nm0115619,Valentino Bruchi
nm5403013,Erge Viadana
nm2690136,Fleurette Du Lac
nm1717251,Mario Sernicola
nm4151076,Fausto Banchelli
nm1250994,Orietta Claudi
nm0759372,Alfredo Salvatori
nm0771317,Friedrich Schiberth
nm0355550,Ella Hall
nm1298258,Stefano Bissi
nm0200861,Carlo Dapporto
nm0667546,Livio Pavanelli
nm0729866,Alfredo Rizzo
nm1014868,Guido Gentilini
nm0162321,Giovanni Cimara
nm0491701,Gino Lavagetto
nm0481343,Nais Lago
nm4437956,Mario Milisenna
nm0070471,Henry Bender
nm0496473,Francis Lederer
nm0366607,Victor Hartberg
nm0673035,Eugenio Perego
nm0215345,Liana Del Balzo
nm0923421,Antoinette Weynen
nm0639563,George O'Brien
nm1883759,René Kessler
nm0993131,Nicoletta Languasco
nm0650750,Silvio Orsini
nm0266031,Armando Falconi
nm2560978,Jer Paul
nm0804434,Max Skladanowsky
nm8737887,Giuseppe Masi
nm0233946,Mino Doro
nm0134564,Andrée Canti
nm0875713,Marcello Tusco
nm0632480,Ninne
nm0002161,Hans Albers
nm0064891,Cesare Bettarini
nm0133062,Luciana Campion
nm0099101,Riri Bouché
nm0900063,Beatrice Vitoldi
nm0632426,Carlo Ninchi
nm1298899,Mario Dale
nm1516021,Isabella Quaranta
nm2652934,Abraham J. Cantu
nm0666749,Albert Paul
nm0866508,Virgilio Tomassini
nm1179824,Teresa Rosmino
nm1504721,Alberto De Santis
nm1412851,Liana Persi
nm0466776,Fritz Kortner
nm0636530,Guido Notari
nm5403319,Romano Masieri
nm0753843,Raquel Ríos
nm0097840,Mauro Bosco
nm0872820,Amedeo Trilli
nm0747570,Natalya Rozenel
nm0307324,Edward Gargan
nm0287524,Teresa Foscari
nm1085449,Raffaele Giangrande
nm0869186,Beppe Tosi
nm0496408,Victor Ledda
nm1772495,Andreas Behrens-Klausen
nm4437949,Roberto Grandi
nm1722531,Guido Guiducci
nm0663286,Mario Parpagnoli
nm1023820,Alex Jordan
nm0613901,May Muriel
nm0179110,Bianca Maria Corbella
nm2462013,Anna Petersen
nm0227573,Nini Dinelli
nm0054427,Giovanni Barrella
nm0721557,Antimo Reyner
nm0509573,Harry Liedtke
nm0117877,Pier Paola Bucchi
nm0812172,Gisella Sofio
nm0215744,Carla Del Poggio
nm0861034,Kenneth Thomson
nm0901763,Franco Volpi
nm0575299,Gianni Meccia
nm0188096,Dhia Cristiani
nm1169366,Sergio Reggi
nm1571990,Anna Huala
nm8348924,Pachoutine
nm0688480,Anton Pointner
nm0070622,Wilhelm Bendow
nm0554726,María Martín
nm1178764,Romano Laurienzo
nm0315984,Fosco Giachetti
nm0249703,Anton Edthofer
nm2683174,Signor Di Mezzo
nm0545067,Augusto Marcacci
nm0124490,Ezio Busso
nm1986524,Salvatore Schiavo
nm0046331,Buddy Baer
nm0003638,F.W. Murnau
nm8348926,Devars
nm1717870,Bianca Vitagliano
nm0156990,Giannina Chiantoni
nm2016569,Mila Bernard
nm0664698,Alberto Pasquali
nm2493690,Emilio Graziani-Walter
nm0173240,Frank Colson
nm0490404,Tina Lattanzi
nm0800626,Sara Simoni
nm1941970,Jolanda Verdirosi
nm5711660,Helmuth Krauß
nm0749435,Vincenzo Ruggeri
nm0484334,Linda Pini
nm0233614,Bianca Doria
nm0681312,Gianna Piaz
nm0208314,Boris de Fast
nm0613867,Tiberio Murgia
nm0133153,Carlo Campogalliani
nm2557586,Anna Maria Di Villabruna
nm0628643,Nora Ney
nm0000003,Brigitte Bardot
nm1742397,Rudolf Raab
nm0665109,Piero Pastore
nm0699753,Maria Puccini
nm0762248,Stefania Sandrelli
nm1179346,Giorgio Valletta
nm1298492,Franco Caimmi
nm0830052,Egon Stief
nm0244596,Carlo Duse
nm0685612,Silverio Pisu
nm1912838,Lucia Tosti
nm0219905,Clara Denvil
nm0016641,Fritz Alberti
nm2455863,Sara Starnini
nm0103320,Leslie Bradley
nm0684518,Julius Pinschewer
nm0746285,Carla Rovere
nm0037613,Carmelo Artale
nm0476535,Gerti Kutschera
nm0257406,Olga Engl
nm0398250,Olin Howland
nm1009425,Irene Gay
nm0321405,Micaela Giustiani
nm0889527,Emilio Vardannes
nm0016688,Alberto Albertini
nm0696985,Kate Price
nm1508973,Fernanda Salvi
nm0000134,Robert De Niro
nm0855241,Euro Teodori
nm0181295,Luca Cortese
nm0636199,Edgar Norton
nm0525793,Folco Lulli
nm0289772,Lia Franca
nm1679970,Teresa Palazzi
nm0194848,Francesco D'Adda
nm0775659,Greta Schröder
nm0889281,Scilla Vannucci
nm0785802,Luigi Serventi
nm2132925,Gianna Caverzaghi
nm0109469,Jeanne Brindeau
nm0785427,Mauro Serra
nm0577922,Raquel Meller
nm0693043,Lydia Potechina
nm0667612,Maria Antonietta Pavese
nm0160711,Lya Christy
nm0561221,Eleonora Mauro
nm5510833,Nadia Natali
nm0313899,Jim Gérald
nm2709059,Jole Pistone
nm0522281,Bessie Love
nm0095255,Giancarlo Bonuglia
nm1894502,Mario Cimarra
nm1549276,Fulvia Gerbi
nm0644054,Mary Odette
nm0105482,Pierre Brasseur
nm0536128,Bianca Magliacca
nm0334605,Carmen Granada
nm2565382,Jesil Gabrielli
nm0844227,Gyula Szöreghy
nm5474256,Rodomonte Morini
nm3925736,Eduardo Di Persis
nm0252472,Gösta Ekman
nm0743103,Gigliola Rosmino
nm0848546,Carlo Tamberlani
nm0779393,Josephine Scott
nm0637025,Ermete Novelli
nm0553360,Guido Martinelli
nm0636593,Silvio Noto
nm1146178,Marcella Sabbatini
nm0733689,Lyla Rocco
nm0070221,Memo Benassi
nm0433332,Pierre Juvenet
nm0579615,Alfredo Menichelli
nm0598840,Renato Montalbano
nm0230485,Marina Doge
nm1335892,Heddy Sven
nm0270415,Friedrich Feher
nm0138602,Stelio Carnabuci
nm0026655,Eddie 'Rochester' Anderson
nm0889467,Diana Varallo
nm0274196,Alba Ferrarotti
nm1409731,Luigi Allodoli
nm0667611,Luigi Pavese
nm1275187,Marina Como
nm0626197,Donatella Neri
nm0536167,Anna Magnani
nm0889511,Victor Varconi
nm0470906,Lee Kresel
nm0021929,Ernesto Almirante
nm0818908,Rosella Spinelli
nm0666842,Gloria Paul
nm4141888,Franco Sabani
nm0684841,Pina Piovani
nm1632852,Lina Rossoni
nm0872282,Giorgio Trestini
nm2485745,Kazimiera Niewiarowska
nm0410297,Katharine Irving
nm0082414,Liana Billi
nm0224122,Raffaele di Napoli
nm2068735,Herbert Nest
nm0080586,Armandina Bianchi
nm0122817,Neal Burns
nm1896373,Arturo Garzes
nm1169716,Irma De Simone
nm0904130,Vasilij Vronski
nm0809130,Liselotte Smith
nm0899933,Italia Vitaliani
nm3226533,Rita Cimara
nm1521286,Raffaele Vinci
nm1912997,Carlo De Gaetano
nm0563462,Mario Mazza
nm0244602,Vittorio Duse
nm0340400,Heinrich Gretler
nm0584266,Dario Michaelis
nm2562360,Gennaro Di Ferrari
nm5474274,Costantino Del Maso
nm0133174,Anna Campori
nm0578170,Umberto Melnati
nm5474268,Nicla Noto
nm0596903,Magdalena Molino
nm0771998,Fido Schirru
nm0231560,Maria Dominiani
nm1301949,Attila Ricci
nm2489934,Annibale Durelli
nm0581024,Elsa Merlini
nm0466897,Katerina Kosak
nm2736537,Giuseppe Sichel
nm1299878,Greta Herbert
nm5474336,Antonella Pandolfi
nm0584745,Teddy Michaud
nm4723015,Moja Sullivan
nm2552710,Clara Della Guardia
nm0033982,Ugo Sasso
nm0782225,Andrés de Segurola
nm0003377,Harry Langdon
nm0381428,Hesperia
nm2708567,Alberto Vestri
nm0274102,Mario Ferrari
nm1991769,Ernesto Paulucci
nm0143685,Umberto Casilini
nm0653288,Paul Otto
nm0080614,Tino Bianchi
nm0309798,Luigi Gatti
nm0650977,Mario Ortensi
nm3803683,Angelo Giovanelli
nm0636772,Norma Nova
nm0613576,Jean Murat
nm0885203,Raf Vallone
nm0684960,Ugo Piperno
nm0626142,Vincent Neptune
nm1758727,Paul Burgen
nm3292581,Anna Menichetti
nm0230981,Fioretta Dolfi
nm1883879,Gabriellino D'Annunzio
nm0599354,Conchita Montenegro
nm0276442,Jole Fierro
nm0869145,Romilde Toschi
nm1504676,Antonio Cacchione
nm0208035,Patrizia De Clara
nm0188311,Carlo Croccolo
nm0269576,Jean Fay
nm0421082,Adam Jennette
nm0016697,Luciano Albertini
nm1715431,Lia Jannantuono
nm1589000,Giuliana Conti
nm0664196,Lola París
nm0606213,Pia Morra
nm2054566,Ferruccio Ermini
nm0283456,Gertrude Flynn
nm0842677,Nora Swinburne
nm0379273,Lilian Hermann
nm0485219,Abbe Lane
nm2756868,Tina Rinaldi
nm0853333,William Taylor
nm0249379,Thomas A. Edison
nm3938327,Maurice De Bosardi
nm0557615,Leopoldo Mastelloni
nm0557831,Augusto Mastripietri
nm0263808,Jeanne Evrard
nm0769380,Filippo Scelzo
nm0218325,Elena Demerik
nm0230899,Dario Dolci
nm0212121,Pietro De Vico
nm2719773,Fiorello Giraud
nm1504928,Gilberto Macellari
nm0146405,Lucia Catullo
nm1258382,Geni Sadero
nm1985886,Jolanda Di Lorenzo
nm1499946,Franco Migliorini
nm0070955,Adriana Benetti
nm1867585,Frau Wanna
nm4311011,Rosy Giambra
nm0046774,Margherita Bagni
nm0538080,Achille Majeroni
nm0726729,Gennaro Righelli
nm1301690,Elena Pieri
nm0135303,Ruggero Capodaglio
nm0162322,Luigi Cimara
nm0538969,Michele Malaspina
nm1523227,Maria Gandini
nm2718631,Linda Mozzato
nm2545801,Signore Ferraresi
nm0894503,Marisa Vernati
nm1021252,Ada Cannavò
nm0584968,Daniele Micheletti
nm0277765,Giorgio Fini
nm2238046,Mario Morelli
nm0756814,Marin Sais
nm0307197,Luisa Garella
nm3938909,Lydia Fostini
nm0182904,Elena Cotta
nm0884388,Rudolph Valentino
nm0287347,Giuseppe Fortis
nm1425470,Guido Paolo Marziali
nm1435527,Carlo Gervasio
nm0596576,Mario Molfesi
nm1018510,Magda Mercatali
nm0018828,Lili Alexandra
nm1526655,Laura Orette
nm0034234,Anna Arena
nm0257262,Andrews Engelmann
nm1241788,Sergio Mari
nm0941076,Norman Wooland
nm6685436,Liuccia Baker Masoero
nm0165061,D.A. Clarke-Smith
nm1204409,Eugenia Tettoni Fior
nm0688040,Porfiri Podobed
nm0602520,Franco Moraldi
nm0041303,Jeanne Aubert
nm1291684,Gustavo Conforti
nm0187711,Laura Hope Crews
nm0298832,Curt Furburg
nm0764916,Marthe Sarbel
nm0759762,Kally Sambucini
nm2030602,Tony Martucci
nm0320278,Marcello Giorda
nm0051737,Augusto Bandini
nm1133318,Amilcare Taglienti
nm0212191,Attilio De Virgiliis
nm0021357,Alex Allin
nm0161877,Gastone Ciapini
nm0037876,Consalvo Dell'Arti
nm0348170,Earl Gunn
nm0819477,Carlo Sposito
nm0543029,Theo Mann-Bouwmeester
nm0016625,Anna Lina Alberti
nm0682524,Antonio Pierfederici
nm1164200,Renato Devi
nm0563567,Franco Mazzieri
nm0307491,Gianni Garko
nm0147109,Augusto Caverzasio
nm1055358,Sasa Dobrovolná
nm0448656,Arnold Kent
nm1707879,Gino Donato
nm0744242,Luigi Rossi
nm3676066,Leonello Ponti
nm0221008,Flore Deschamps
nm0056080,Ruggero Barni
nm0612568,Francesco Mulé
nm0162448,Giovanni Cini
nm2711511,Bianca Pernaud
nm0091042,Eugeniusz Bodo
nm0175945,Enzo Consoli
nm0884134,Osvaldo Valenti
nm0217377,Antonella Della Porta
nm0286097,Maria Forescu
nm1293649,Serafino Mastracchio
nm0458635,Adolf Klein
nm0158103,Gregori Chmara
nm0131042,Romano Calò
nm0748660,John Ruddock
nm0345436,Umberto Guarracino
nm0059607,Luigi Basagaluppi
nm0215699,Norma Giacchero
nm0160615,Robert Christopher
nm1302271,R. Scomox
nm1580208,Maria Antonietta Vigliarolo
nm1164035,Roberto D'Antonio
nm0658425,Renzo Palmer
nm3227825,Roberto Morbioli
nm0317064,Kenneth Gibson
nm0333867,Pier Ugo Gragnani
nm4723019,Ines Cristina Almirante
nm0546917,Febo Mari
nm0320221,Vivi Gioi
nm0146028,Carolina Catena
nm1533331,Eugenio Vecchioni
nm0162490,Gina Cinquini
nm0356589,Hélène Hallier
nm0723039,Enrico Ribulsi
nm1322776,Adele Farulli
nm0264693,Suzanne Fabre
nm0274069,Franco Ferrari
nm1258590,Sidney Suberly
nm0093251,Gemma Bolognesi
nm0707778,Louis Ralph
nm1131568,Jack King
nm1266871,Fernando Ribacchi
nm0727333,Nicolas Rimsky
nm0125626,Gino Buzzanca
nm0660018,Evelina Paoli
nm0442304,Christine Kaufmann
nm0590786,Mimi
nm1577493,Elena Zoar
nm0315651,Anna Maria Gherardi
nm0142765,Matilde Casagrande
nm0865492,Rosetta Tofano
nm0656483,Giuseppe Pagliarini
nm0816528,Peppino Spadaro
nm0674358,Gino Pernice
nm0171729,Gioia Collei
nm2656839,Livia Martino
nm0045263,Lina Bacci
nm1324232,Pina Serventi
nm0104392,Armando Brancia
nm0784913,Julia Serda
nm1412193,Ferruccio Manzetti
nm1995395,Nello Rocchi
nm0854683,Florence Temple
nm1302270,Francesco Sciarra
nm0726256,Johannes Riemann
nm2553258,Ferdinando Lanzerotti
nm1284256,Josef Rounitch
nm0952610,Gero Zambuto
nm2217436,Evelyn Morgan
nm0224330,Alfonso Di Stefano
nm0718580,Carlo Reiter
nm1253312,Jules de Spoly
nm0460906,Fuzzy Knight
nm1707962,Giuseppe Gherardi
nm1300506,Leopoldo Lamari
nm0608311,Gastone Moschin
nm0377524,Georg Henrich
nm3226797,Vivaldo Matteoni
nm0728967,Winni Riva
nm0208370,Eduardo De Filippo
nm0890339,Aldo Vasco
nm0785919,Hilde Sessak
nm0659284,Turi Pandolfini
nm0411299,Gualtiero Isnenghi
nm1167165,Anty Ramazzini
nm0105970,Hans Brausewetter
nm0316340,Laura Gianoli
nm0803398,Adriana Sivieri
nm2085889,Harry Reve
nm2312131,Alfonsina Pieri
nm0739419,Graciela Romero
nm3286888,Gino Centanin
nm0626501,Hermann Nesselträger
nm0131206,Nino Camarda
nm0591856,Annamaria Mion
nm0605832,Lucilla Morlacchi
nm1301084,Salvatore Mereu
nm0063634,Scott R. Beal
nm0913727,Hans Wassmann
nm6208386,Fernando Schiavetti
nm1278768,Lea Campioni
nm0583708,Geronimo Meynier
nm0135632,Marcya Capri
nm0210541,Elda Bruni
nm0491238,Jacqueline Laurent
nm0577365,Silvia Melandri
nm0314429,Piero Gerlini
nm1301122,Andrea Milano
nm1855211,Angelo Pelliccioni
nm1284931,Bruno Alecci
nm0635371,Assia Noris
nm0482142,Florence Lake
nm0155078,Amelia Chellini
nm0142822,Giovanni Casaleggio
nm0821422,Giuseppe Stagnitti
nm0828314,Charles Stevens
nm1292135,Emma Farnesi
nm0546491,Elodia Maresca
nm0783615,Tonio Selwart
nm0546910,Anna Mari
nm5474301,Gabriella Biagini
nm0798309,Franco Silva
nm1416118,Lola Laroche
nm0409421,Franco Interlenghi
nm0512724,Nien Soen Ling
nm0094348,Marco Bonetti
nm0577534,Luigi Mele
nm1271843,Emilia Giorgi
nm0904492,Daniil Vvedenskiy
nm0301378,Enzo Gainotti
nm0684266,Aldo Pini
nm0102679,Lola Braccini
nm0459029,Rudolf Klein-Rhoden
nm0137567,Paolo Carlini
nm0694550,Milla Sannoner
nm0415199,Gaston Jacquet
nm1298942,Rambaldo De Goudron
nm0345208,Mario Guaita-Ausonia
nm0545858,Aurelio Marconi
nm0080752,Tranquillo Bianco
nm0126391,Jack Byron
nm0039105,Philip Ashley
nm0016208,Wolf Albach-Retty
nm1714986,Nico Greffen
nm1505223,Armando Zuccarelli
nm0897650,Roberto Villa
nm0876121,Pamela Tudor
nm1151285,Ermete Tamberlani
nm0563481,Anna Mazzamauro
nm0313447,Heinrich George
nm1015278,Armando Michettoni
nm0599671,Ori Monteverdi
nm0865338,Anita Todesco
nm1855406,Francesco Sormani
nm0762785,Vittorio Sanipoli
nm0312553,Enrico Gemelli
nm0290951,Harry Frank
nm0202688,Edoardo Davesnes
nm0824971,Ubaldo Stefani
nm7240595,Fabio Finucci
nm1301712,Ubaldo Pittei
nm0864203,Romualdo Tirado
nm1291441,Rina Calabria
nm0893818,Guido Verdiani
nm1597338,Teresa Pollio
nm0467185,Theodore Kosloff
nm0010185,Enrique Acosta
nm0555517,Suzanne Marwille
nm0581794,Antonio Meschini
nm0259820,Mario Ersanilli
nm0572135,Clifford McLaglen
nm0726737,Mario Righetti
nm1148789,Cesare Gani Carini
nm3939162,Mildred Dudzik
nm1887648,Giovanni Ciusa
nm0336618,Eve Gray
nm0655833,Lea Padovani
nm0759880,Gina Sammarco
nm0217303,Claudia Dell
nm2052057,Ruggero Paoli
nm6043645,Romilda Villani
nm0868916,Diana Torrieri
nm1189302,Alfredo de Felice
nm0846583,Renato Tagliani
nm0681233,Massimo Pianforini
nm0350244,Raymond Guérin-Catelain
nm0408490,Zoe Incrocci
nm0166706,Marino Masé
nm0889115,Eva Vanicek
nm0828838,Warren Stevens
nm1295663,Umberto Zanuccoli
nm1162214,Walter Lang
nm0869224,Otello Toso
nm1015348,Mario Nocerini
nm0664821,Eduardo Passarelli
nm5711619,Sofia Szuberla
nm1406008,Anna Berni
nm0430955,Josyane
nm1064675,Paolo Azzurri
nm0315648,Cesarina Gheraldi
nm0078161,Guelfo Bertocchi
nm1465358,Adele Paternò
nm0889246,Vanna Vanni
nm1424237,Rita Almanova
nm0194923,Gemma D'Alba
nm0136437,Angela Cardile
nm0189970,Antonio Cruichi
nm0660007,Roberto Paoletti
nm0698729,Felicita Prosdocimi
nm0135462,Maria Capparelli
nm0728960,Mario Riva
nm0246578,Flavio Díaz
nm2521128,Neyse Cheyne
nm0059706,Cesco Baseggio
nm0068372,Marie Bell
nm2531602,Maria Carli
nm0658646,Carlo Palmucci
nm0308523,Riccardo Garrone
nm2710145,Elsa Lazzerini
nm1164209,Enrico Di Domenico
nm0490726,Salvatore Laudani
nm0018885,René Alexandre
nm3924534,Giuseppe Rodi
nm1410858,Jole Ferrari
nm0244765,Armand Dutertre
nm1111582,Ada Ferrari
nm0603386,Gabriel Moreau
nm1268180,Noemi De Ferrari
nm0898829,Loretta Vinci
nm0019420,Hadji Ali
nm1986058,Mario Bozzano
nm0664703,Sig Pasquali
nm0774114,Georg H. Schnell
nm0254995,Mirko Ellis
nm0527135,Demesio Lusardi
nm1296672,Anna Cipriani
nm2680368,Mario Fumagalli
nm0597266,Giacinto Molteni
nm0298184,Brook Fuller
nm0599997,Marco Monti
nm0738041,Gil Roland
nm0911133,Hedwig Wangel
nm0137107,Léonce Cargue
nm0744105,Vittorio Rossi Pianelli
nm0432041,Jenny Jugo
nm0844359,Stefan Szwarc
nm2555934,Klara Ney
nm0529313,Bert Lytell
nm0244700,Mara Dussia
nm0551611,Martelli
nm0345064,Max Grünberg
nm0187579,Ady Cresso
nm0822654,Ljubomir Stanojevic
nm0685457,Paola Piscini
nm1506438,Ermena Malusardi
nm1168360,Rosaria Wadesky
nm0017628,Mari Aldon
nm1437917,Vivina Ungari
nm0206312,Jean Dax
nm0818929,Maria Pia Spini
nm0896060,Antonio Vico
nm0245931,Adolf Dymsza
nm0511183,Emil Lind
nm0723168,Michele Riccardini
nm0283057,Edoardo Florio
nm0162948,Franco Citti
nm0750048,Stefano Rulli
nm0535489,Giancarlo Maestri
nm0812741,Gianni Solaro
nm0211424,Gemma De Sanctis
nm1435117,Maria Della Lunga Mandarelli
nm1494284,Vittorio Simbolotti
nm0179386,María Corda
nm0697887,Eddie Prinz
nm0321501,Loris Gizzi
nm0266741,Vittorio Fanfoni
nm2548379,Signora Mugnaini
nm0040084,Betty Astor
nm0849155,Idolo Tancredi
nm0272360,Al Ferguson
nm0160130,Mady Christians
nm0094393,Marina Bonfigli
nm0613538,Lia Murano
nm1195476,Andrea Maroni
nm0899597,Lola Visconti-Brignone
nm3610169,Sandra Petraglia
nm0679170,Gerardo Peña
nm0816497,Marika Spada
nm0723279,Enzo Ricciardi
nm0585970,Lea Migliorini
nm0727966,Vittorio Ripamonti
nm0140000,Mario Carrara
nm0648851,Giovanni Onorato
nm1578009,Maria Beltrami
nm0888871,Ellinor Vanderveer
nm0487727,Leonie Laporte
nm0011563,Laura Adani
nm2450029,Elsa Villanis
nm0130018,Dora Calindri
nm0749306,Sandro Ruffini
nm1907315,Minna Rubino-Rossini
nm0800599,Gianni Simonetti
nm2712744,Signora Venti
nm0690763,Pietro Longari Ponzoni
nm0266928,Enrica Fantis
nm2134589,Dora Baldanello
nm1214417,Fernando Cajati
nm1068638,Mario Bardella
nm1514324,Eraldo Giunchi
nm0518419,Mario Lombardini
nm0755351,Umberto Sacripante
nm2177291,Raffaele Russo
nm0728376,Roberto Risso
nm0068120,Corry Bell
nm0578743,Lotte Menas
nm0558308,Vanni Materassi
nm0812125,Abraham Sofaer
nm8063852,Diana D'Altena
nm1168842,Rino Castelli
nm0539011,Renato Malavasi
nm2360363,Robert Boelke
nm0274034,Angelo Ferrari
nm1015495,George Restivo
nm0246458,Rosita Díaz Gimeno
nm0564219,May McAvoy
nm1376733,Turi Verne
nm0284721,Sergio Fonsilli
nm0816530,Umberto Spadaro
nm0714052,Carlo Reali
nm0780978,Gennaro Sebastiani
nm0867923,Attilio Torelli
nm0876377,Marco Tulli
nm0605851,Gaby Morlay
nm0730165,Jason Robards Sr.
nm0214243,André Deed
nm0012373,Lilia Dale
nm0080572,Suzanne Bianchetti
nm0604304,Sandro Moretti
nm1360864,Augusto Soprani
nm0097962,Alessandro Bosio
nm0621372,Maria Pia Nardon
nm9064576,Hank Bergman
nm0070958,Armando Benetti
nm0013789,Gianni Agus
nm1215729,Luisa Aluigi
nm0000072,Elizabeth Taylor
nm0553894,Bruno Martino
nm0864403,Alice Tissot
nm1098519,E. Masucci
nm0112983,Alfred Brown
nm0063994,Jean-Paul de Baere
nm1067685,Mila Vannucci
nm0298226,Elsie Fuller
nm0865565,Achille Togliani
nm0616343,Guadalupe Muñoz Sampedro
nm0089314,Eric Blore
nm0163229,René Clair
nm0202679,José Davert
nm0895715,Raimondo Vianello
nm1015544,Arturo Saccarino
nm0527787,Maria Pia Luzi
nm0098154,Renato Bossi
nm0599341,Davide Montemurri
nm1324133,Gennaro Sabatano
nm0090548,Gildo Bocci
nm0869193,Giuseppe Tosi
nm1283689,Rina Maggi
nm1253342,Luigi Stinchi
nm0742948,Stelvio Rosi
nm0622036,Mario Nasthasio
nm1504690,Guelfo Chiarini
nm0866463,Giulio Tomasini
nm0109264,Guido Brignone
nm0002154,Alfred Abel
nm0177815,Franco Coop
nm1298541,Giorgio Caracciolo
nm1573451,Tina Mannozzi
nm0777104,Viktor Schwannecke
nm0518359,Dillo Lombardi
nm0908063,Nella Walker
nm1213365,Bruna Lelli
nm0901591,Mario Voller-Buzzi
nm0798570,Aldo Silvani
nm1508109,Gino Mercuriali
nm0762531,Valeria Sanfilippo
nm0510761,Olga Limburg
nm0885123,Romolo Valli
nm0899521,Michael Visaroff
nm1291904,Francesco Di Gennaro
nm0526266,Elena Lunda
nm0542870,Margaret Mann
nm0777579,Hanns Schwarz
nm0514116,Josephine Lisle
nm0212234,Carl de Vogt
nm1409964,Bianca Beltrami
nm2560901,Signore Marcelli
nm1773076,Carl Wallauer
nm0677758,Sandro Petraglia
nm7299545,Madame Baume
nm0053224,Paola Barbara
nm1291436,Adrien Caillard
nm4750104,Cecil Pelan
nm1291637,Stanislao Ciarli
nm0019605,Carlo Alighiero
nm1864378,Felicitas Holz
nm0142823,Mario Casaleggio
nm0098700,Mariano Bottino
nm1298937,Ida De Bonis
nm0098669,Virgilio Botti
nm0301562,Eugenio Galadini
nm0832011,Lewis Stone
nm1169861,Maria Laudi
nm1273427,Paolo Wullmann
nm0110299,Mario Brizzolari
nm0593671,Rhea Mitchell
nm1292460,Giulio Grassi
nm1302492,Consuelo Spada
nm2145916,Pinuccia Galimberti
nm0596968,Giorgia Moll
nm0037625,Antonin Artaud
nm1273248,Otto Treptow
nm0080676,Alfredo Bianchini
nm1295234,Renato Trento
nm0899348,Olga Virgili
nm0204547,Edwards Davis
nm5403705,Augusto Casalini
nm0167032,Gustav von Seyffertitz
nm0798228,Aura de Silva
nm0013310,Franco Angrisano
nm0728489,Rita
nm1294250,Nicola Pescatori
nm0629279,Raffaello Niccoli
nm1300239,Tilde Kassay
nm2557773,Fernando Fiori
nm1531292,Aurelia Cattaneo
nm0267847,Tatiana Farnese
nm0569466,Frank McGlynn Sr.
nm1960420,Claire Kronburger
nm0107783,Carlo Bressan
nm0537222,Léon Mathot
nm0143743,Stefania Casini
nm0818421,Eva Speyer
nm0140015,Tino Carraro
nm2553259,Signora Di Paola
nm0414293,Diomira Jacobini
nm0082419,Riccardo Billi
nm8063851,Renzo Caetani
nm1833079,Hans Karl Georg
nm1300274,Alice Kempen
nm0687092,Alberto Plebani
nm0547972,Fritz Marion
nm0104224,Gino Bramieri
nm0149085,Ugo Ceseri
nm0216087,Huguette Delacroix
nm0208538,Myriam De Gaudi
nm0082415,Mario Billi
nm0387253,Stefan Hnydzinski
nm4723035,Eros Mazza
nm0232434,Mario Donen
nm0156127,Carlo Chertier
nm1504782,Puccio Gamma
nm0682595,Giuseppe Pierozzi
nm0098804,Raymond Bouamerane
nm0073833,Lorena Berg
nm0686783,Karl Platen
nm5474277,Chiara Margheri
nm1508175,Alfredo Orsini
nm0308257,Richard Garrick
nm0300388,Gabriel Gabrio
nm0058620,Carla Bartheel
nm0035455,Henry Armetta
nm0723801,Frida Richard
nm2440122,Mimmo Palermi
nm0049531,Ennio Balbo
nm1163267,Vittorio Battarra
nm1183352,Franca Nuti
nm0195258,Carlo D'Angelo
nm0553335,Alfredo Martinelli
nm0096330,Lyda Borelli
nm0650753,Umberto Orsini
nm0539607,Nikolai Malikoff
nm1272920,Enrico Roma
nm0078343,Calisto Bertramo
nm0298889,Giacomo Furia
nm1361261,Luciano Zuccolini
nm0100445,Piera Bouvier
nm0487137,Diana Lante
nm0419487,Nino Javert
nm0078643,Mario Besesti
nm1406618,Luigi Garbuio
nm0154804,Andrea Checchi
nm0847790,Gino Talamo
nm0687223,Clementine Plessner
nm0056593,Gianfranco Barra
nm1534154,Mara Cassano
nm0022066,Irene Aloisi
nm0850442,Max Turilli
nm0856422,Dante Testa
nm0224303,Guido Di Segni
nm0315661,Olga Gherardi
nm0488932,Viggo Larsen
nm0162230,Fausto Cigliano
nm0881746,Enrico Urbini
nm2674031,Antonio Bonino
nm0131036,Giulio Calì
nm0688996,Signora Poletti
nm0011575,Alessandra Adari
nm2489146,Elena Bottone
nm1006836,Anna Maria Del Prà
nm1008999,Giorgio Cholet
nm2131967,Elena Tryan-Parisini
nm0757369,Franz Sala
nm0315986,Gianna Giachetti
nm0275023,Edda Ferronao
nm4723001,Liana De Picey
nm0901683,Lina Volonghi
nm1987436,Amerigo Bombrazzi
nm2562341,Armanda Bonino
nm1269356,Raffaello Mariani
nm0104418,Paulo Branco
nm0234088,Anita Dorris
nm1256644,Ria Bruna
nm0548053,Lia Maris
nm2308299,Angelo Vianello
nm1287181,Giuseppe Farnesi
nm0543484,Manlio Mannozzi
nm0777758,N. Schweidel
nm0663057,Sergio Parlato
nm1760241,Inga Krafft
nm0896424,Emilia Vidali
nm0895766,Enrico Viarisio
nm4723013,Lyta Alas
nm4309815,Athos Contarini
nm0683647,Camillo Pilotto
nm1322115,Sergio Amato
nm1216205,Madeleine Céliat
nm0277372,Elisa Finazzi
nm0320377,Gabriella Giorgelli
nm0780425,Ynez Seabury
nm2675887,Carneri
nm0134932,Omero Capanna
nm0195895,Umberto D'Orsi
nm1287032,Achille De Riso
nm0313068,Giorgio Gentile
nm0330961,Marius Goring
nm0133949,Bruno Canfora
nm0215518,Ubaldo Colle Del Colle
nm0209739,Regana De Liguoro
nm0603761,Rina Morelli
nm5394112,Anna D'Offizi
nm3940341,Riccardo Pantellini
nm1100228,Lorenzo Soderini
nm0225184,Carmen Dicenta
nm1212729,Eliana D'Alessio
nm0114733,Strelsa Brown
nm0723802,Fritz Richard
nm0137719,Carlos
nm0670971,Amalia Pellegrini
nm0769112,Giuseppe Scarcella
nm0275146,Alessandro Fersen
nm1160085,Prokhorenko
nm1271344,Edwige Bottini D'Altavilla
nm0217355,Bianca Della Corte
nm0615698,Gianni Musy
nm0636528,Elvira Notari
nm0604871,Marina Morgan
nm0181298,Nada Cortese
nm0266945,Cesare Fantoni
nm0311653,Gisa Geert
nm0865580,Darix Togni
nm0434209,Oktawian Kaczanowski
nm0539455,Marina Malfatti
nm0874781,Olga Tschechowa
nm0658332,Kiki Palmer
nm1014690,Carmen Di Sciullo
nm1290422,Gina Montes
nm0784108,Tiziana Senatore
nm0775180,Max Schreck
nm0585481,Charles Middleton
nm1303935,Abe Lyman Orchestra
nm1216547,Vincenzo Giurgola
nm0274671,Anna Maria Ferrero
nm0001330,Sterling Hayden
nm0279914,Enzo Fisichella
nm5474278,Renato Fumicelli
nm0025070,Sergio Ammirata
nm1995920,Franco Cagnoni
nm1159058,A. Glauberman
nm0526958,Alberto Lupo
nm0346293,Giovanni Guerrieri
nm0462791,Manfred Koempel-Pilot
nm0360389,Nicholas Hannen
nm2497095,Paola Gurga
nm0134993,Giorgio Capecchi
nm1990820,Bruno Castellani
nm1550622,Irene Mattalia
nm0197966,Odoardo Dall'aglio
nm0262134,Karl Etlinger
nm0330280,James Gordon
nm0139214,Memmo Carotenuto
nm0597903,Vittorina Moneta
nm0307995,Ivo Garrani
nm1149885,Guido Maraffi
nm2552976,Gaetano Nobile
nm0161758,Renato Cialente
nm0350600,Olga Gzovskaya
nm0772162,Margarete Schlegel
nm0537706,Elisa Mainardi
nm0472174,Max Kronert
nm0452209,Mary Kid
nm0743104,Paola Rosmino
nm0242572,Geoffrey Dunn
nm1742103,August Junker
nm1524080,Giuseppe Majone Diaz
nm4309867,Gino Rumor
nm0274065,Fanny Ferrari
nm0819010,Roberto Spiombi
nm0769273,Carmen Scarpitta
nm0623443,Amedeo Nazzari
nm0265827,Paolo Falace
nm3925942,John Binns
nm0304862,Ferruccio Garavaglia
nm0952838,Loris Zanchi
nm0261180,Luigi Esposito
nm0117874,Cellio Bucchi
nm0034257,Maurizio Arena
nm0856386,Nella Tessieri-Frediani
nm0823100,Gioconda Stari
nm0133735,Egidio Candiani
nm0298918,Enzo Furlai
nm0061402,Giulio Battiferri
nm0658055,Uberto Palmarini
nm0813059,Edda Soligo
nm0672496,Nico Pepe
nm0225905,Wilhelm Diegelmann
nm0613904,Armida Bonocore
nm0323022,Leda Gloria
nm0661483,Narciso Parigi
nm0806565,Phillips Smalley
nm0489947,Adolfo Lastretti
nm0933161,Charles C. Wilson
nm2458830,Mario Mecchia
nm0199542,Claudio Dani
nm0303413,Graziella Galvani
nm1164019,Pino Cuomo
nm0675692,Giuseppe Pertile
nm1988922,Angelo Marsili
nm0754084,Ernst Rückert
nm1298300,Teresa Boetti Valvassura
nm0324645,Loretta Goggi
nm0702947,Nina Quartero
nm0761212,Dominique Sanda
nm0095084,Luigi Bonos
nm1360241,Franco Massari
nm0195176,Diana D'Amore
nm1506463,Thea Martinero
nm0142821,Giannetto Casaleggio
nm0951859,Giuseppe Zago
nm1880063,Giovanni Ravenna
nm0407846,Ivo Illuminati
nm1504785,Armando Garozzo
nm1253447,Vittorio Tettoni
nm0144669,Franco Castellani
nm0146796,Lina Cavalieri
nm0363545,Pat Harmon
nm0580992,Maurizio Merli
nm0064899,Franco Becci
nm0195221,Goffredo D'Andrea
nm0763402,Amerigo Santarelli
nm0615350,Franklin Murrell
nm0161733,Giuseppe Ciabattini
nm0664257,Gabriel Pascal
nm6208383,Giuseppe Miceli
nm0382357,Emil Heyse
nm1298949,Vincenzo De Liguoro
nm0144663,Bruto Castellani
nm0491471,Gino Leurini
nm0896235,Piero Vida
nm0658872,Vera Palumbo
nm5393549,Susy Marconi
nm0599998,Maria Monti
nm3939673,Jurek Shabelewski
nm0146335,Carlo Cattaneo
nm0873351,Amalia Troiani
nm0923377,Ruth Weyher
nm1845494,Riccardo Legioni
nm0116282,Sergio Bruni
nm1298105,Carlo Emilio Barbieri
nm0718980,Ralph Remley
nm0556401,Ester Masing
nm1280957,Maria Pirani Ricci
nm0135388,Giovanni Caporilli
nm0709951,Salvo Randone
nm0869799,Renato Tovaglieri
nm0950019,Roland Young
nm0723052,Giuseppe Ricagno
nm0452404,Philip Kieffer
nm0272670,Luisa Ferida
nm0768865,Umberto Scalpellini
nm0188133,Olinto Cristina
nm0885119,Marie Valli
nm0858160,Hans Thimig
nm0900143,Monica Vitti
nm0268072,Ana Farra
nm0870995,Silvano Tranquilli
nm0563561,Gilberto Mazzi
nm2427580,Teodor Roland
nm1163638,Silvano Buzzo
nm1570380,Clara Di Martignano
nm1513772,Fernanda D'Alteno
nm0386830,Coen Hissink
nm1302718,Tilde Teldi
nm1929790,Anni Timm
nm1291706,Beppo Corradi
nm1300657,Sigrid Lind
nm0143333,Mario Caserini
nm2494811,Antonio Crispini
nm0129316,Giuliana Calandra
nm0303120,Carmine Gallone
nm0546222,Elio Marcuzzo
nm0873731,Liana Trouche
nm1086824,Pietro Villani
nm1301951,Ginette Riche
nm0303411,Aedo Galvani
nm0992229,Tony D'Amico
nm0502382,Giovanna Lenzi
nm1271993,Contessa Henry
nm0201030,Edy Darclea
nm1298244,Giorgio Bianchini
nm0898489,Victor Vina
nm1295392,Ruy Vismara
nm0669587,Franco Pechini
nm0321407,Carlo Giustini
nm0210321,Riccardo De Miceli
nm1301557,Leone Papa
nm0459030,Rudolf Klein-Rogge
nm0161750,Amedeo Ciaffi
nm0307986,Martin Garralaga
nm0894478,Gaetano Verna
nm0124376,Manlio Busoni
nm1743216,Lia Tschung Tsching
nm0312595,Donatella Gemmò
nm0524573,Mario Luciani
nm0313455,Jack George
nm1245145,Mimmo Lo Vecchio
nm0610620,Ivan Mozzhukhin
nm1893945,Camillo Talamo
nm3675487,Renato Marozzi
nm0519765,Theodor Loos
nm0643245,Hans Oberg
nm0899523,Natalie Visart
nm0652373,Enrico Osterman
nm1408188,Alessandra Varna
nm0494007,Walter Lazzaro
nm0345223,Carlo Gualandri
nm0478151,Friedrich Kühne
nm0545653,Elvira Marchionni
nm0710749,Attilio Rapisarda
nm2923430,Laura Brezet
nm0363450,Harry Harment
nm0210582,Mimmo De Ninno
nm0587213,Peter Miles
nm0767486,Gilberte Savary
nm0558886,Alexandre Mathillon
nm0890122,Giuseppe Varni
nm0872640,Carlo Tricoli
nm0079347,Siria Betti
nm0663247,Nicoletta Parodi
nm0624601,Ernst Reicher
nm0545579,Nino Marchetti
nm0585069,Diego Michelotti
nm0681441,Lamberto Picasso
nm2304381,Carlo Theodori
nm0207637,Nigel De Brulier
nm0021930,Giacomo Almirante
nm1089289,Enrico Capoleoni
nm0500361,Lillian Leighton
nm0784857,Massimo Serato
nm0706221,Dino Raffaelli
nm0491048,Stan Laurel
nm0885098,Alida Valli
nm0518041,Corrado Lojacono
nm0699736,Mario Pucci
nm1267810,Giorgio Bonaiti
nm1518450,Anna De Marco
nm0358792,Virginia Hammond
nm1364765,Andrea Volo
nm0174582,Giovanni Conforti
nm3925943,Alice Bishop
nm0136823,Anna Carena
nm0003425,Asta Nielsen
nm9167869,Gabriella Galvani
nm0889536,Dorothy Vernon
nm0925904,Greg Whitespear
nm0712284,Gino Ravazzini
nm1843936,Jane Sprague
nm0355185,Michal Halicz
nm0867966,Sylvia Torf
nm0148974,Gino Cervi
nm0885339,Bice Valori
nm0478770,Georges de La Noë
nm0590452,Sandra Milo
nm0530566,Edmund Löwe
nm1579782,Renata Drago
nm0873732,Adolfo Trouché
nm0132137,Pippo Campanini
nm0191265,Xavier Cugat
nm0496889,Billy Lee
nm1158427,Fanny Bertelli
nm0598720,Renzo Montagnani
nm0345794,Maurizio Gueli
nm0688770,Cesare Polacco
nm0534011,Giulio Maculani
nm0527784,Enrico Luzi
nm5474279,Alessandro Bini
nm5403474,Olivo Ardizzone
nm0944290,Ida Wüst
nm0848486,Elza Temary
nm0066745,Luisella Beghi
nm0414294,Maria Jacobini
nm0051736,Armando Bandini
nm0314967,Marion Gerth
nm1145349,Iole Gerli
nm3940265,Armando Spaccarelli
nm1007491,Henri Lesieur
nm0743966,Carmela Rossato
nm8348922,Orlitzky
nm1522679,Francesco Casaleggio
nm0912478,H.B. Warner
nm2713451,Franco Liberati
nm1402922,Pietro Meynet
nm1166839,Gerardo Panipucci
nm0961535,Dino Peretti
nm0865998,Riccardo Tolentino
nm0144589,Lou Castel
nm0292041,Valentina Frascaroli
nm0211282,Camillo De Rossi
nm1994855,Rita Pagani
nm0000036,Buster Keaton
nm2677372,Simonetta Rivalta
nm0385951,Carlo Hintermann
nm0098683,Anna Maria Bottini
nm2500747,Alfonsina Lenzi
nm2531399,Suzanne Bourdet
nm2677793,Edith Stern
nm0304989,Aristide Garbini
nm0834386,Marjorie Strickland
nm0087404,Clara Blandick
nm0302942,Angelo Gallina
nm4311246,Liliana Del Basso
nm0012407,Rosina Adrario
nm0172822,Alberto Collo
nm0097967,Liù Bosisio
nm0187464,Daniele Crespi
nm0132135,Carlo Campanini
nm0555807,Franca Marzi
nm1460381,H. Tille
nm0785378,Domenico Serra
nm0139215,Nello Carotenuto
nm0728818,Gerhard Ritterband
nm0508730,Salvatore Libassi
nm2546120,Adonide Gadotti
nm0744484,Nini Rosso
nm0103854,Arturo Bragaglia
nm0723161,Maria Riccardi
nm0324553,Bernhard Goetzke
nm1249794,Jacqueline Dulac
nm0614936,Elizabeth Murray
nm3925036,Benjamin Wilkes
nm0311274,Bud Geary
nm0683627,Mario Piloni
nm1169260,Antonio Mesfun
nm1548750,Fernando De Crucciati
nm0546531,Vera Maretskaya
nm0681213,Giorgio Piamonti
nm1509068,Franca Vella
nm0030380,Corrado Annicelli
nm0658551,Bruno Emanuel Palmi
nm0209037,Daniel De Jonghe
nm0559862,Andrea Matteuzzi
nm0583947,Andrea Miano
nm0098743,Vittorio Bottone
nm0116277,Roberto Bruni
nm4437941,Luigi Pisu
nm2594564,Marchese Mario Centurione
nm1361084,Giuliana Vannucchi
nm1798245,Bonda Szynglarski
nm2269238,Giuseppe Mari
nm0361880,Karl Harbacher
nm0028823,Robert Andrews
nm0547705,Marinita
nm0557806,Augusto Mastrantoni
nm0524306,Wilfred Lucas
nm0623211,Pierre Nay
nm0223997,Dino Di Luca
nm0690059,Alberto Pomerani
nm0330924,Gianni Gori
nm0389043,Otto Hoffman
nm0674573,Amelia Perrella
nm0526031,Jenny Luna
nm0700689,Margarita Puratich
nm1029576,Giuseppe Gambardella
nm2563820,Signore Catellini
nm0224346,Vitale Di Stefano
nm1458446,Toni Ebärg
nm3938371,Attillio Olivo
nm0213831,Diana Decker
nm0029523,Lia Angeleri
nm0905876,Elsa Wagner
nm0335908,Gioacchino Grassi
nm0059716,Georg Baselt
nm0769330,Enrico Scatizzi
nm2668805,Francesco Bonino
nm0500846,Tony Lekain
nm0818245,Esperia Sperani
nm0082101,Oreste Bilancia
nm0269467,Giorgio Favretto
nm0689907,Vanna Polverosi
nm1035410,Ciro Galvani
nm0675848,Augusto Pescarini
nm0255677,Giovanni Elsner
nm0518178,Gina Lollobrigida
nm0951504,Carla Zaccaria
nm0800562,Carlo Simoneschi
nm0136825,Felice Carena
nm0092852,Suzy Boldès
nm0679801,J.R. Phelps
nm0727826,Riccardo Rioli
nm0241348,Charles Dullin
nm1508064,Guglielmo Longo
nm1301646,Lorenzino Pery
nm1138837,Enrico Baroni
nm1165819,Antonietta Lambroni
nm0663550,John Parrish
nm0345311,Manlio Guardabassi
nm3287138,Aldo Pierantoni
nm0807580,C. Aubrey Smith
nm0686035,Ernst Pittschau
nm0001196,Douglas Fairbanks
nm1029052,Giovannella Di Cosmo
nm0637019,Amleto Novelli
nm1283341,Maria Ivogün
nm1320049,Rosanna Schettina
nm0063375,Giulio Bazzini
nm0549476,Hilde Maroff
nm2709440,Ugone Di Sandro
nm1029671,Tata Giacobetti
nm0276433,Aurelio Fierro
nm1596812,Luigi Zoncada
nm1917503,Gennaro Berenzone
nm0762408,Thea Sandten
nm0078644,Claudio Besestri
nm0764369,Gianni Santuccio
nm0000047,Sophia Loren
nm0135635,Olga Capri
nm0214984,Dorothy Dehn
nm1760332,Solveigh Mellin
nm0096475,Agostino Borgato
nm0832604,Natalie Storm
nm2709115,Signor De Renzis
nm0034816,Nicola Arigliano
nm0142995,Francesco Casaretti
nm0302815,Giovanna Galletti
nm0565120,Earl McCarthy
nm1300043,Signora Innocenti
nm0691728,Giuseppe Porelli
nm0716501,George Regas
nm0274659,Marco Ferreri
nm2711208,Gemma Farina
nm0971245,Giovanni Spano
nm0266234,Karl Falkenberg
nm0176328,Alberto Rabagliati
nm1403175,Bruno Persa
nm0060417,Donato Di Sepio
nm0034665,Harry Nestor
nm5394542,Flavio Jacovelli
nm0073264,Ciro Berardi
nm0080615,Giorgio Bianchi
nm0415591,Dean Jagger
nm0895927,Lily Vincenti
nm0919225,Hanni Weisse
nm0744174,Ezio Rossi
nm0657537,Enrico Palermi
nm0719874,Marian Rentgen
nm0545528,Nino Marchesini
nm0265109,Giuseppe Faggioli
nm0606286,Guglielmo Morresi
nm0959922,Jeanne Étiévant
nm0955963,Marc Ziboulsky
nm0473084,Julian Krzewinski
nm1298843,Valeria Creti
nm0768684,Ciro Scafa
nm6685435,Lino Fumagalli
nm0655816,Anna Maria Padoan
nm0673740,Emilio Pericoli
nm0137213,Luigi Carini
nm0251432,Lia Eibenschütz
nm0749434,Valerio Ruggeri
nm0484759,Mara Landi
nm1272509,Ettore Mazzanti
nm0561489,Édouard de Max
nm0897585,Claudio Villa
nm0726741,Massimo Righi
nm0919976,Arthur Wellin
nm0899932,Evangelina Vitaliani
nm0439452,Roger Karl
nm1345965,Velia De Angelis
nm0903145,Hans Heinrich von Twardowski
nm0683888,Renato Pinciroli
nm0039381,Earl Askam
nm1899192,Zoe Merckel
nm1302222,Savi
nm0771908,Tito Schipa
nm1014493,Alfredo Bracci
nm1914558,Umberto De Rosa
nm0895705,Adriana Vianello
nm0355408,Charlie Hall
nm0823042,Bella Starace Sainati
nm1437038,Il Piccolo Lamberto
nm0276417,Enzo Fiermonte
nm1299689,Signor Guacci
nm0068909,Adolfo Belletti
nm8348923,Bondineff
nm0383844,Hilde Hildebrand
nm0312975,Rino Genovese
nm0069166,Marco Bellocchio
nm0902607,Leopold von Ledebur
nm0485226,Allan Lane
nm0296937,Alphons Fryland
nm0883574,Mario Valdemarin
nm1916496,Giovanni Grasso Sr.
nm1316056,Enta Troubetskoy
nm1084539,Maria Mindzenty
nm0187642,Vasco Creti
nm8348919,Valdi
nm1801799,Paola Vinci
nm0519420,Germano Longo
nm0317617,Beniamino Gigli
nm0688230,Augusto Poggioli
nm2509519,Bianca Quaranta
nm0180663,Nelly Corradi
nm4724453,Vevy Ferretti
nm0865072,Malcolm Tod
nm1269629,Berta Nelson
nm4311201,Vittorio Palumbo
nm0782962,Evelyn Selbie
nm1294580,Giuseppe Ronco
nm0322829,John Gliddon
nm5403567,Giulio Ariani
nm0237411,Daniella Drei
nm1499889,Carmen Mauti
nm1011921,Giovanni Pezzinga
nm1911067,Luigi Paradisi
nm0504811,Rudolf Lettinger
nm0629270,Antonio Niccodemi
nm0681311,Franco Piavoli
nm0207099,Wilma De Angelis
nm2562535,Rina Pirani
nm1301996,Anna Rocchi
nm1884765,Sig. Carmi
nm0692826,Guy Bates Post
nm0406390,Bonaventura Ibáñez
nm0591593,Lina Tartara Minora
nm0096317,Carlo Borelli
nm0100655,Mariolina Bovo
nm0095245,Alberto Bonucci
nm1270659,Claudia Zambuto
nm0659461,Corrado Pani
nm0335694,Walter Grant
nm0733598,Daniela Rocca
nm1513092,Gigi Armandis
nm0785762,Dagny Servaes
nm0187510,José Crespo
nm2712756,Dana Marigia
nm0834496,Vladimir Strizhevsky
nm0510227,Kurt Lilien
nm0216031,Rudolf Del Zopp
nm0710391,Aileen Ransom
nm0137638,Mary Carlisle
nm0672058,Raimondo Penne
nm1169455,Franco Solba
nm1272714,Elvira Pasquali
nm0887830,Raimondo Van Riel
nm1301667,Armando Petruzzelli
nm0174627,Vittorio Congia
nm1508686,Fernanda Gualdi
nm0213937,Albert Decoeur
nm1016475,Giuseppe Pais
nm1045984,Erasmo Lo Presto
nm1299557,Adolfo Giovannini
nm1167271,Renzo Rizzoli
nm0874482,Cecyl Tryan
nm0750294,Ossip Runitsch
nm1299354,Genevieve Floria
nm0286423,Enrico Formichi
nm0911354,Aleardo Ward
nm0436209,Erwin Kalser
nm0653085,Roberto Ottaviano
nm0466232,Arnold Korff
nm0425690,Lydia Johnson
nm0435229,Erich Kaiser-Titz
nm0891492,Elsa Vazzoler
nm0610618,Umberto Mozzato
nm0910435,Léon Walther
nm0815092,Francesco Sormano
nm0707886,Lucio Rama
nm0169997,Arielle Coigney
nm0951532,Ermete Zacconi
nm0544845,Gina Marangoni
nm0363754,Kasha Haroldi
nm1291156,Olga Berndt
nm0744408,Flora Rossini
nm3556889,Lucia Corvino
nm0215516,Ubaldo Maria Del Colle
nm0413064,Silvana Jachino
nm0021935,Italia Almirante-Manzini
nm0577811,Giovanni Melisenda
nm0389364,Ernst Hofmann
nm1300903,Pina Marini
nm1129431,Maria Romano
nm0405743,Renée Héribel
nm0678689,Amilcare Pettinelli
nm0890192,Stefano Varriale
nm1065943,Gin Maino
nm0076836,Mara Berni
nm1163010,Michele Alfano
nm0250564,Enrico Effernelli
nm0308460,Robert Garrison
nm1302243,Bianca Schinini
nm0917467,Paul Wegener
nm0208563,Elsa De Giorgi
nm0627546,Edoardo Nevola
nm0671010,Angelo Pellegrino
nm0068943,Franca Belli
nm1533355,Roberto Villani
nm0577488,Leo Melchiorri
nm0546202,Yolanda Marcus
nm4722967,Nono Mondon
nm0832375,Paolo Stoppa
nm0330659,Walter Gordon
nm1816386,Waldemar Potier
nm0612845,Diego Muni
nm2512468,Maurice Dey
nm0885294,Ombretta Valmori
nm0953131,Lucia Zanussi
nm0109266,Mercedes Brignone
nm0076609,Gretel Berndt
nm1410828,Anna Fazzi
nm1374878,Marian De Koning
nm0699637,Valdemar Psilander
nm0265390,Samson Fainsilber
nm0303742,Domenico Gambino
nm0624446,Fernanda Negri Pouget
nm0078055,Marina Berti
nm4722958,Mira Dois
nm1553082,Antonio Nazzari
nm1274007,Lilian Gray
nm0738305,Henri Rollan
nm0001012,Claudia Cardinale
nm0079246,Annibale Betrone
nm0670979,Ettore Petrolini
nm0285391,Ralph Forbes
nm0774702,Robert Scholz
nm0487314,Bruno Lanzarini
nm0135421,Alberto Capozzi
nm0243913,Doris Duranti
nm0262321,Anna Eugeni
nm0468288,Ivan Koval-Samborsky
nm0208352,Gemma De Ferrari
nm2628569,Giovanni D'Elisei
nm0083157,Francesca Biondi
nm1205185,Ercole Vaser
nm0725332,Paul Richter
nm0612864,Ferdinand Munier
nm0545294,Elspeth March
nm0250613,Laura Efrikian
nm0685550,Theodor Pistek
nm0516001,Harold Lloyd
nm5393838,Dante Colonnello
nm0324912,Ligia de Golconda
nm0563670,Franca Mazzoni
nm0547329,Jeanne Marie-Laurent
nm0607864,Edmund Mortimer
nm0685066,Amina Pirani Maggi
nm1594899,Mietta D'Andrea
nm5474284,Giulia Carravieri
nm1168641,Carlo Vittorio Zizzari
nm0130050,Calisto Calisti
nm0738871,Dina Romano
nm1291833,Mademoiselle De Chantereau
nm4723034,Doly Pax
nm1632726,Maria Marengo
nm0650010,Orazio Orlando
nm0019110,Ali Alfi
nm1300818,Max Magnus
nm0267249,Oreste Fares
nm0208019,Lina De Chiesa
nm1589389,Daniella Zollì
nm2500605,Pietro Schiavazzi
nm0637713,Laura Nucci
nm0825923,Elio Steiner
nm0176302,Albert Conti
nm2674420,Piera De Ferrari
nm0655815,Clara Padoa
nm4722977,Gina Colarosso
nm0199775,Lucciana Danieli
nm0001120,Vittorio De Sica
nm0480742,Andrée Lafayette
nm0502146,Leonardo Scavino
nm1486194,Dante Ciriaci
nm0304864,Leo Garavaglia
nm0729887,Giacomo Rizzo
nm0957535,Nietta Zocchi
nm0199776,Mara Danieli
nm0750877,Cristina Ruspoli
nm0626948,Hedda Neuhoff
nm0000485,Fritz Lang
nm0639529,Edmond O'Brien
nm0719121,Duncan Renaldo
nm0000367,Gérard Depardieu
nm2105063,Joseph Kustendi
nm0664132,Elli Parvo
nm0511729,Max Linder
nm1294840,Shorer
nm1111500,Marino Bulla
nm0792130,Ann Sheridan
nm4723012,Ida Spicchiesi
nm0023591,Alvaro Alvisi
nm1315931,Arturo Stinga
nm0556146,Rina Mascetti
nm0605291,Renato Mori
nm1148298,Armando Cresti
nm0660035,Germana Paolieri
nm0744917,Lillian Roth
nm0931674,Sethma Williams
nm1270497,Antonio Venturi
nm8542885,Mayliard René
nm0596828,Ernesto Molinari
nm1296566,John Work
nm0576791,Julie Meijer
nm0155079,Didaco Chellini
nm2673189,Bay Jeanne
nm0016290,Marcella Albani
nm0040953,Giovanni Attanasio
nm1759962,Maria Caan
nm1324086,Lola Romanos
nm0867333,Edoardo Toniolo
nm0637790,Elliott Nugent
nm0267838,Alberto Farnese
nm0746279,Marcella Rovena
nm0890993,Simone Vaudry
nm0230130,Loris Loddi
nm1242308,Adolfo Spesca
nm0694096,Don Powell
nm2501731,Rino Melis
nm2500842,Mario Regoli
nm0633134,Nadia Niver
nm0821504,Ernst Stahl-Nachbaur
nm0764571,Goliarda Sapienza
nm1996333,Enrico De Martino
nm0810676,Rinaldo Smordoni
nm5403306,Gianni De Cesare
nm0187584,Pierre Cressoy
nm1991823,Siegfried Raabe
nm0196319,Ornella Da Vasto
nm1301556,Pietro Paoli
nm2493323,Brunella Brunelli
nm0727397,Rinaldo Rinaldi
nm0877813,Ray Turner
nm0739971,Mario Roncoroni
nm0232228,Kara Donati
nm0615923,Amedeo Mustacchi
nm1586535,Nella Paoli
nm0901400,Jole Voleri
nm0001811,Peter Ustinov
nm0207107,Alfredo De Antoni
nm0139542,Vittoria Carpi
nm0812726,Laura Solari
nm0335961,Giovanni Grasso
nm0729480,Julian Rivero
nm2563856,Signore Mosca
nm0667946,Tatiana Pavoni
nm0068926,Cosmo Kyrle Bellew
nm0353042,Friedl Haerlin
nm0277276,Nunzio Filogamo
nm0314314,Adolfo Geri
nm0615604,Angelo Musco
nm2543880,Laura Algonzino
nm0179395,Livia Cordaro
nm0619261,Conrad Nagel
nm0687958,Rossana Podestà
nm0823017,Elli Star
nm1220560,Marie Deauville
nm0622307,Louis Natheaux
nm0029594,Giuseppe Angelini
nm0589828,Achille Millo
nm0266946,Cristina Fantoni
nm0591622,Felice Minotti
nm0016799,Emil Albes
nm0800563,Lydia Simoneschi
nm0723242,Renzo Ricci
nm3926026,Evelyn Guignard
nm0227329,Dimitri Dimitriev
nm0107574,Evelyn Brent
nm0408664,Alfredo Infusini
nm5403508,Ultimo Spadoni
nm1249784,Amalia Cataneo
nm0000122,Charles Chaplin
nm0883582,Xenia Valderi
nm1085155,Paola Coppola
nm0882918,Nato Vachnadze
nm0545602,Maria Marchi
nm0157951,Giuseppe Chinnici
nm1301539,Pallos
nm2674381,Guido Fiori
nm0615979,Annamaria Mustari
nm1291774,Giuletta D'Arienzo
nm0024139,Alberto Amato
nm1032488,Enna Saredo
nm0232370,Cesare Dondine
nm0524399,Angela Luce
nm0656512,Andreina Pagnani
nm0303416,Tullio Galvani
nm1302127,Clarette Sabatelli
nm0636755,Armando Nova
nm0224127,Maurizio Di Nardo
nm0350798,Jean Gérard
nm0443483,Charles Willy Kayser
nm0126885,Jeanne Bérangère
nm0289983,Teresa Franchini
nm0021337,Luisa Alliani
nm0677779,Carlo Petrangeli
nm0813006,Varo Soleri
nm0001124,Cecil B. DeMille
nm0210150,Peppino De Martino
nm3922158,Giorgio Specchi
nm0352120,Andrea Habay
nm1303306,Ofelia Zannoni
nm0266029,Maria Falconetti
nm0827509,Ford Sterling
nm2519042,Victor Tarasco
nm0814433,Corrado Sonni
nm0264776,Valeria Fabrizi
nm0520558,Linda Loredo
nm0874298,Ralph Truman
nm2488140,Riccardo Vitaliani
nm0612219,Paul Muller
nm0825596,Paul L. Stein
nm1298990,Lia Della Bella
nm1292225,Lia Formia
nm1110836,Alfredo Sernicoli
nm0884665,Rosa Valetti
nm0821054,William Stack
nm0545615,Ruggero Marchi
nm1110166,Raffaella Minghetti
nm0460969,June Knight
nm1569239,Carla Bonavera
nm0632423,Annibale Ninchi
nm0658926,Giuseppe Pambieri
nm0677669,Carmelo Petix
nm0741163,Gabriel Rosca
nm0727311,Adriano Rimoldi
nm0173174,Maria Pia Colonnello
nm1981473,Alfredo Silvestri
nm0310262,Georges Gauthier
